keyword,year,title,description,bloggername,postdate,link
탕후루,2026,26년도 5월의 2/2,먹으라고 <b>탕후루</b>를 만들어줬다 저녁 먹고 현미가래떡 조금 냠 누리도 현미가래떡 냄새 맡기 킁킁 금세... 2015년 <b>2016</b>년 매일같이 지나다니던 단우홀 입구 단웅이 기다렸는데 안 나오고 그냥 다른 곰돌이만 나온당... ,Presente eterno,2026-05-31,https://blog.naver.com/nuridungjeol/224301842543
탕후루,2026,2026년 5월 베이징 1주일 여행 기록,"24 May 2026 <b>2016</b>년 5월 24일이 남친과 1일이었어요. 이날은 2026년 5월 24일로 10주년이었답니당. 10주년이 딱... 이후 길거리에서 #딸기<b>탕후루</b> 를 사먹었는데 약 4천원 정도이고, 너무 맛있더라구요. 와그작 부서지는... ",싱가포르 직장인 일상 기록,2026-05-29,https://blog.naver.com/vjfthfk/224300216416
탕후루,2026,ㅇ,"황금포차’자리에서 ‘<b>탕후루</b>‘가 사라지고 &amp;, 대전시‘바닷가‘해양’소금salt의 마라탕Maratang이 세종시’육지‘대륙’설탕Surgar의 Tanghulu‘<b>탕후루</b> “의 관계의 조합이 다툰다. ㅡMay’... ",전화통화 신분확인.말을못해서 말을하지않는게아니다,2026-05-29,https://blog.naver.com/yjsjhs/224300013764
탕후루,2026,“전국이 줄 섰다”…한국 식음료 유행템 변천사,2013~<b>2016</b> 비주얼 충격 시대 SNS가 강해지면서 음식은 맛보다 “사진빨”이 중요해졌다. 이 시기 유행 벌집... 대표 유행 로제 떡볶이 크로플 민초 열풍 <b>탕후루</b> 초기 약과 디저트 수제쿠키 두찜·찜닭 브랜드 폭발... ,LOG INSIDE,2026-05-26,https://blog.naver.com/whee0e/224292396798
탕후루,2026,"차지(CHAGEE) 한국 진출, 중국 밀크티 브랜드가 한국에... ","<b>2016</b>년 5만 1,551개였던 것과 비교하면 6년 만에 거의 두 배 가까이 늘어난 것이죠. 이 숫자는 한국 카페... 흑당 밀크티, 대만 카스테라, <b>탕후루</b>처럼 짧은 시간에 폭발적으로 인기를 끌었다가 빠르게 식은 사례도... ",이설아빠의 세계 경제 노트,2026-05-26,https://blog.naver.com/red2x2/224296143848
탕후루,2026,2010~2025 년도별 유행 음식,2010년 파닭 2011년 꼬꼬면 2013년 설빙 2014년 허니버터칩 <b>2016</b>년대왕카스테라 2017년 명량핫도그 2018년 소떡소떡 2019년 마라탕 2021년 로제 떡볶이 2023년 <b>탕후루</b> 2024년 요아정 2025년... ,치즈의 작은 바다(Since 2005.02.12),2026-05-19,https://blog.naver.com/flythedj/224290056192
탕후루,2026,[광주 어린이 체험] 빛나는아이나라 2026 5~6월 뚝딱공방... ,"- 부모 분리형 수업으로 부모와의 분리가 가능한 경우에만 참여 가능합니다 -전체 권장연령 : <b>2016</b>... ✨ 메뉴판을 참고해,  피자 햄버거  <b>탕후루</b> 도넛 파스타 등 다양한 음식을 만들어도 되고, 세상에 없는 새로운... ",빛나는 아이나라,2026-05-16,https://blog.naver.com/twinkleinara/224287464030
탕후루,2026,&quot;내시경은 정상인데 애는 왜 계속 아플까? 한약사가 알려주는... ,"결과: 여기에 '마라탕, <b>탕후루</b>' 같은 자극적인 음식이 들어오면 어떻게 될까요?... <b>2016</b> Nov;9(6):836-844. DOI: 10.1177/1756283X16663395 Kim KM, Cho YK, Bae SJ, Kim DS, Shim KN, Kim JH, et al. Prevalence of... ",소망이 샘솟는 느티나무 한약국,2026-05-15,https://blog.naver.com/zelkova115/224286360445
탕후루,2026,[수업일기] 0513,이자벨 카리에<b>2016</b>다림 아나톨의 작은 냄비에 나오늘 캐릭터랑 비슷해서 작가 소개를 유심히 보니 그... 내일도 비슷한 문제가 나올 텐데 기대된다&gt;_&lt; 신당탕<b>탕후루</b> 카페 마트 운영하는 아이들이 카페를... ,Super Special Society,2026-05-14,https://blog.naver.com/spstsh523/224285477284
탕후루,2026,대기업은 왜 '두쫀쿠'로 승부하기 어려웠을까?ㅣ인터비즈,"<b>2016</b>년의 대왕카스테라, 2018년의 흑당 버블티, 2021년에 시작해 2023년 정점을 찍은 <b>탕후루</b>까지, 한국 시장은 반복적으로 이 패턴을 경험해왔다. 그런데 두쫀쿠는 과거의 단기 유행과 두 가지 점에서 뚜렷이... ",인터비즈(InterBiz),2026-05-11,https://blog.naver.com/businessinsight/224281725266
탕후루,2026,다신 없을 내 중학교 생활은 이렇게 흘러가는구나,이야 내 추구미는 사실 선배마라탕사주세여그래가자선배<b>탕후루</b>도같이?뭐?<b>탕후루</b>도?... 난 아직 슈퍼울트라짱짱맨선배는 아닌가벼… 밤티 2026년 버리고 <b>2016</b>으로 살아남기! 울림 가족이야~~뭐야~~.. 봄이야!!!!!!!!!!... ,왕감자 수확일기,2026-05-05,https://blog.naver.com/eunns3o/224275752455
탕후루,2026,빨래는 지겨워 외,"햄버거, 치킨, 마라탕, <b>탕후루</b>, 나중에 부페까지. 급식을 먹고 동물로 변하는 친구들과 선생님(센과... 천효정<b>2016</b>문학동네 천효정 작가님은 글을 정말 잘 쓰신다. 과하지 않게 재치있게 식상하지 않게. 뭔가... ",termidor12님의블로그,2026-05-03,https://blog.naver.com/termidor12/224273585150
탕후루,2026,님들아 한 번만 봐줘요 내가 8월 16일에 실제로 조질테니까 ㅋㅋ,^^ 백투더 <b>2016</b>...? 나 9살 때 유행햇던 필터 열아홉 먹고 다시 껴보니 보정 ㅈ대 내 오지콤 자극왕 돈가스... 다들 이쁜 말만 해줘서 고마워 레전드 사진 건졋자나~~ 너무 예쁜 사진들 건졋더요~ 옆 매대 <b>탕후루</b> 언니... ,3902,2026-05-01,https://blog.naver.com/75_39620/224271106215
탕후루,2026,"애플사이다비니거, 내 몸의 대사 활력을 깨우는 스마트한 원리","마라탕과 <b>탕후루</b>가 혈관 속에서 당분 파티를 벌일 때, 죄책감을 덜어줄 존재로... <b>2016</b>;60(8):1837-1849. doi:10.1002/mnfr.201500992 [sciencedirect] Ding Q, Xue D, Ren Y, et al. Apple Cider... ",망생이의 웰빙하우스,2026-04-29,https://blog.naver.com/stella6050/224265497146
탕후루,2026,[YLC X 매경이코노미] 매경이코노미 제2356호 TREND | 먹고... ,2014년 허니버터칩 (1년 내외) <b>2016</b>년 대왕카스테라 (약 10개월) 2019년 흑당버블티 (약 8개월) 2020년 크로플 (1년 내외) 2022년 포켓몬빵 (약 7개월) 2023년 <b>탕후루</b> (약 6개월) 2023년 먹태깡 (약 5개월) 2024-2025년... ,감자칩연금술사,2026-04-28,https://blog.naver.com/ieejieunow/224268474501
탕후루,2026,당감동 아파트 숲 &quot;항아리 상권&quot; 대로변 상가주택 — 실거주와... ,"생활 밀착형 상권: 현재 입점한 업종(반찬가게, <b>탕후루</b> 등)을 보면 알 수 있듯, 불황에 강한 생활... 26470-<b>2016</b>-00066 연락처 051-791-0330 010-****-**** 성명 정유천 강미소공인중개사 매물정보 소재지 부산광역시... ",부동산비타민 ✔010-4580-9076✔,2026-04-28,https://blog.naver.com/yasipil/224268214594
탕후루,2026,4월 떠나가유....,나 <b>2016</b>시절 필터찾았어요 색감쨍쨍 모래알은반짝 4월달 중 가장 행복한 날 드디어 왔다 나 연정선배랑... 그러다가 세은이랑 밥먹으러감 마라탕<b>탕후루</b> 마라탕가서 먹는거 1년만이야 눈뉴 맛있더라...  둘이... ,반짝반짝 빛나기를 *:･ﾟ✧,2026-04-24,https://blog.naver.com/seohyun294415e/224263388866
탕후루,2026,다쿠아즈(Dacquoise)의 모든것,Expert Reference · Food Culture Research 다쿠아즈(Dacquoise)의 모든것 → 기원 · 변천사 · 국가별 변주 · 시장 현황 · 제품 현황 시루아네 다쿠아즈 https://brand.naver.com/siruane/products/4756573611 연구 개요 (Executive... ,Better,2026-04-22,https://blog.naver.com/niceno3/224261810629
탕후루,2026,[김선아 영수학원 독해력] '두쫀쿠' 기사로 연습하는 주장하는... ,특히 흥미로웠던 점은 오늘 수업에 이 법이 시행된 <b>2016</b>년에 태어난 아이들이 많았다는 사실이었어요!... &quot; 열풍이 불다 어떤 현상이 매우 세차게 일어남 &quot;요즘 초등학생들 사이에서 <b>탕후루</b> 열풍이 불고 있어요.... ,KSA김선아 관악구 봉천동영어학원,2026-04-20,https://blog.naver.com/ksa-academy/224258999156
탕후루,2026,유행은 흘러가고 취향은 남는다 유행에 집착하지 않는법,"<b>2016</b>년 치즈 폭탄 음식, 2018년 마라탕 열풍, 그리고 코로나 시기의 달고나 커피까지, 유행은 꾸준히 이어졌다. 팬데믹에는 크로플이 홈디저트 문화를 이끌었고 2022년 포켓몬빵 재출시 대란을 지나 <b>탕후루</b>로... ",리뷰아빠 전파파,2026-04-20,https://blog.naver.com/sh21030/224258759085
탕후루,2026,쏘쏘사라다 창업 vs 케이찹사라다 벌써 경쟁 얼마나 갈까요..,"쥬시, <b>탕후루</b> 처럼 공통점들은 소자본 사업주 분들 대상으로 빠르게 가맹 사업들이 확장했다는 공통... 바로 과거 명량핫도그로 핫도그라는 새로운 아이템을 첫 번째로 제시한 기업입니다 법인 <b>2016</b>년 설립해서... ",창업미디어,2026-04-20,https://blog.naver.com/jkppppp1209/224258683314
탕후루,2026,[뷰티뉴스]&quot;이건 못 참지!&quot; 소장 욕구 폭발하는 4월 신상 뷰티 3선,"[롬앤] Throwback <b>2016</b> 에디션 ✨ Point 1: <b>2016</b> 그 틴트가 돌아왔다! 롬앤의 레전드였던 <b>2016</b>년 초기... ✨ Point 2: 쫀쫀한 구운 과일 컬러 6종 6가지 구운 과일 컬러로 출시되는데, <b>탕후루</b> 같은 탱글한 광택 발색이... ",단미의 예뻐지는 시간,2026-04-19,https://blog.naver.com/danmi_01/224257963568
탕후루,2026,장승배기역 임장기 임장 초보 분위기 파악하기,"<b>2016</b>년 계단식 202세대 (2개동) 효성 25평 / 33평 / 34평 / 35평 2개동 밖에 없었지만, 가장 괜찮은... 곳인데, <b>탕후루</b>탕수육이 진짜 맛있음!!! 이렇게 맛집만 발굴하고 마무리 ㅎㅅㅎ 임장하다가 배고프면... ",규리어리,2026-04-18,https://blog.naver.com/gyuri0423/224257106536
탕후루,2026,유행 따라 창업하면 망하는 이유 6가지,"<b>탕후루</b>, 흑당 버블티, 대왕카스테라, 크로플. 한때 SNS에서 난리였던 음식들이죠. 하지만 지금은... 대왕카스테라가 하루아침에 무너진 이유 <b>2016</b>년 대왕카스테라는 엄청난 인기를 끌었습니다. 갓 구운... ",logic_room님의 블로그,2026-04-16,https://blog.naver.com/logic_room/224254029931
탕후루,2026,"[N-pick] “이제 사려니 끝물” … 너무 짧아진 유행, ‘순삭... ","2014년 등장한 허니버터칩은 17개월간 품귀 현상을 빚었지만 이후 열기가 급격히 식었고, <b>2016</b>년 초 유행한 대만 카스테라도 약 15개월 만에 관심이 줄었다. <b>탕후루</b>는 2023년 5월 급속히 확산됐다가 불과 12개월... ",MZ세대 경제뉴스 [뉴스테이션],2026-04-14,https://blog.naver.com/newstation/224247435274
탕후루,2026,대구 월성동 상가 임대 신월성 메인 상권 1층 무권리 공실!... ,"건물 규모: 지하 포함 총 6층 건물 중 가장 접근성 좋은 1층 준공일: <b>2016</b>년 1월 8일 (깔끔하게 관리된... 샌드위치, <b>탕후루</b> 등 학생 타겟 업종 일반 사무실 및 공방: 깔끔한 외관을 선호하는 쇼룸이나 작업실... ",동원부동산,2026-04-14,https://blog.naver.com/alsalng0723/224250621080
탕후루,2026,일본을 떠요,고구마 <b>탕후루</b>를 먹어줍니다 이거 진짜 꼭 먹겠다고 나와 약속해줘 • 1/13 요코하마 공항도둑과... new <b>2016</b> 하고 집에 왔어요 지민이가 준 워홀 100일 기념 케이쿠 고양이가 이렇게 보들보들하고 따뜻한... ,223,2026-04-12,https://blog.naver.com/1108_97/224249761824
탕후루,2026,사람들은 왜 더 이상 깊은 생각을 하지 못하는가?,"최근에 <b>2016</b>vibes라는 해시태그가 유행하고 있다고 해요. 뭘까요? 바로 <b>2016</b>년의 추억을 회상하는 영상들이... 예를 들어, 대왕 카스테라나 <b>탕후루</b> 같은 트렌드들이 대표적이에요. 이처럼 한 시대를 풍미했던... ","이원아키텍트, 도시와 삶의 건축",2026-04-06,https://blog.naver.com/won24_/224217624064
탕후루,2026,생활문화 2*음식/맛집.패션부티.공연전시.책.종교.생활문화... ,마라탕과 <b>탕후루</b>의 희비를 가른 결정적 차이는 무엇일까. 외식업계에서는 유행 음식이 기존 식사 메뉴에 자연스럽게 데일리안 1일전 [K-VIBE] 신종근의 'K-리큐르' 이야기…서양의 코냑과 조선의 포도소주-①... ,5천만 국민.질병 없는.백년건강 위하여~~~,2026-04-04,https://blog.naver.com/c1c1b1b1/224240201564
탕후루,2026,생일 ˘͈ᵕ˘͈,장 가져오라긔 간만에 무니까 맛있긴한데 딸기 5알 5천원 시바 다음 <b>탕후루</b>는 적금타면 먹는거다잉 #<b>2016</b> #벚꽃놀이 #꽃가루알러지를잊지마시기 바캐진전용 남친짤 생성중 ••• 헐 아모냐고오오~~~!!!ㅠㅠ... ,☆〜（ゝ。∂）,2026-04-03,https://blog.naver.com/hyzne/224239730280
탕후루,2026,"프랜차이즈 창업, 망하지 않기 위해서는 6가지를 확인하세요","▶ 사례 1: <b>탕후루</b>, 500호점에서 20개로 달콤왕가<b>탕후루</b>. 프랜차이즈 시작 2년 만에 500호점을... <b>2016</b>년 자본총계 151억 원, 완전 자본잠식. 지금은 사실상 브랜드가 소멸했습니다. 망한 이유: 커피 맛이라는... ",우후죽순,2026-04-01,https://blog.naver.com/kj_je/224236690720
탕후루,2026,랑,오랜만에 <b>탕후루</b>집이 보여서 가서 먹었는데 특가세일이여서 저 귤<b>탕후루</b>가 3500원이길래 먹었어용 역시... 정안니랑도 <b>2016</b>때처럼 필터 하고 찍고!! 화장 3월에 너무 많이해서 지금 피부가 접촉성 피부염... ,1overn_님의 블로그,2026-03-30,https://blog.naver.com/1overn_/224235010135
탕후루,2026,뒤죽박죽 일상들 (고양이 강아지 아기사진 많음... ,"마침 <b>탕후루</b>도 팔고 있다?! <b>탕후루</b>도 두쫀쿠도 먹어보지 못한 교포의 도파민 대폭발!!! 유행의 끝물과... 전 <b>2016</b>년 부다페스트, 10년전의 나 너무 어리고 예쁘네 흑... 그리고 대구에도 눈이 왔다!!! 그냥 흩날리는... ",스위트민트,2026-03-29,https://blog.naver.com/bolong2/224233388448
탕후루,2026,2026.03.10 서울 메타에프그룹한국총괄대표이사취임식... ,&quot; 하길래 나 포함 다같이 &quot;탕수육&quot; 이라 했는데 언니가 심각한(?) 표정으로 &quot;<b>탕후루</b>!!!! 에~이!!!&quot; 하더니... 아니 <b>2016</b>년 얼굴 그대로 보이는거 무엇이냐고요 어뜨케 30대 초반때랑 10년이 지난 지금이랑 상큼미모가... ,홍진영 덕질 일기장♡,2026-03-28,https://blog.naver.com/hongvely_ss/224232723578
탕후루,2026,방학끝난지3주만에올리는방학블로그,다만 좀많이매움 -크리스피도넛<b>탕후루</b>: 예전에 반짝! 유행했던 도넛<b>탕후루</b> 기억하시는 분. 거의2년만에... ㅜㅜ <b>2016</b>년 필터를 써봣는데요 ㅈㅉ그때느낌나는것같아서 좋앗음ㅋㅋ 내기억상으로도 <b>2016</b>년은 저런... ,일기장,2026-03-25,https://blog.naver.com/o9l125/224229604911
탕후루,2026,대한민국 연도별 유행 디저트 총정리(디저트 맛 티어),"앙버터(2015 ~ <b>2016</b>) 팥앙금과 두툼한 버터를 빵 사이에 끼워먹는 디저트로, 현재는 하나의 장르로서... <b>탕후루</b>(2023 ~ 2024) 과일에 설탕 코팅을 입혀 '와작' 하는 식감을 극대화한 디저트임. 15. 두바이 초콜릿... ",바코의 블로그,2026-03-22,https://blog.naver.com/bacotalbe/224225910962
탕후루,2026,"두쫀쿠 끝나자마자 봄동 비빔밥 왔는데, 벌써 지났다고? 지금은... ","2014년에는 허니버터칩이 품절 대란을 일으켰고, 출처 : KBS News <b>2016</b>년에는 대왕카스테라가 유행했다. 출처 : KBS News 그리고 2023년에는 <b>탕후루</b>가 엄청나게 퍼지면서 여기저기 탕!탕!탕! 후루룩 학생들 사이에서... ",기억의 보물,2026-03-17,https://blog.naver.com/ssyth12/224219907118
탕후루,2026,사람들은 왜 더 이상 깊은 생각을 하지 못하는가? // 재점화,"20165 (<b>2016</b> Core) 유행은 무엇인가요? '20165' 또는 '<b>2016</b> Core'는 2026년 현재 Z세대를 중심으로 유행하는 <b>2016</b>년 향수 트렌드를 의미합니다. 이 현상은 단순히 과거를 그리워하는 것을 넘어, 특정 시기의 문화적... ",내려놓았다,2026-03-17,https://blog.naver.com/xrist_lucete_/224218971189
탕후루,2026,장원영 두쫀쿠 팔다 한 달 만에 망했다? 유행에 속고 빚에 우는... ,"유행만 쫓다 벼랑 끝 짧은 유행: 마라탕, <b>탕후루</b>에 이어 최근 '두바이 초콜릿 푸딩(두쫀쿠)'까지... 카스테라 <b>2016</b>년 '식용유 범벅' 방송 논란 + 너무 낮은 진입장벽 거의 사라짐 (영화 '기생충' 소재) 슈니발렌... ",정신나간직장인,2026-03-16,https://blog.naver.com/jungsinnagangirl/224217973323
탕후루,2026,[MZ 유행] 두쫀쿠부터 버터떡까지? 요즘 유행하는 먹거리 총정리!,"시작  <b>2016</b>년 대만 카스테라 압도적인 비주얼과 부드러운 식감  2020년 크로플 크로아상 + 와플의 조합, 홈카페 열풍  2023년 마라탕 &amp; <b>탕후루</b> 강력한 맵단짠, 중고생 필수 코스  2024년~현재 두쫀쿠 &amp; 버터떡 쫀득한... ",세무사손민호사무소,2026-03-15,https://blog.naver.com/sontax119/224217188378
탕후루,2026,"두쫀쿠와 봄동비빔밥, 그리고 2010년 이후 한국 유행 음식의... ","<b>2016</b>~2020: 해외 디저트와 집콕 문화 <b>2016</b> 대만 가스테라: 해외 디저트 유입, 방송 노출 효과. 2017... 2023 약과·<b>탕후루</b>: ‘할매니얼’ 전통 간식 재유행, 중국 디저트 유입. 2024 먹태깡: 술안주·간식으로... ",가족시인 이승원,2026-03-13,https://blog.naver.com/seung176/224214667044
탕후루,2026,[Marketing Diary] Page. 49,"커피, <b>탕후루</b> 등 다양한 사례를 통해 공통적으로 확인되는 핵심 3가지 식감과 비주얼 중심의... <b>2016</b>년 대왕 카스테라의 비상과 추락 [출처: 하르당] 베이커리 전문점인 하르당에서 판매 중인 오리지널... ",이리저리무빙재,2026-03-12,https://blog.naver.com/movingjae_/224214397906
탕후루,2026,"두쫀쿠 다음은 이거! 상하이 버터떡, 대체 뭐길래 난리일까?",연 단위 유행: 허니버터칩(2014) → 쥬씨(2015) → 대왕카스테라(<b>2016</b>) → 명랑핫도그(2017) 반년 단위 유행: 소떡소떡(2018) → 흑당버블티(2019) → 달고나커피(2020) 월 단위 유행: 약과·포켓몬빵(2022) → <b>탕후루</b>... ,한끼공작소,2026-03-12,https://blog.naver.com/marykayqueen/224214203411
탕후루,2026,두쫀쿠 다음은 버터떡? 요즘 SNS 장악한 그거 나도 찾아봤다,"2014년 허니버터칩이 품귀 현상을 일으키면서 시작해서, 쥬씨(2015), 대왕 카스테라(<b>2016</b>), 명랑 핫도그(2017)... 2022년 약과와 포켓몬 빵을 시작으로, <b>탕후루</b>, 두바이초콜릿, 두쫀쿠, 그리고 버터떡까지 이어지는 걸... ",릭보이의 트렌드로그,2026-03-10,https://blog.naver.com/wjdcjsgo/224211609674
탕후루,2026,cent-vingt-sept,"스냅 당일 날 붓기 빼려고 문화공원 한바꾸 돌아주면서 발견한 고양이 무리들!!! 총 네마리였는데 쩌어 뒤에 올검냥이는 고양이보은에 나오는 킹왕짱 뚱냥이 같았다. 귀여워,,,⬛⬛⬛ 난생처음 헤메 받아봐요..... ",ㅇㅇㅇ,2026-03-10,https://blog.naver.com/dhdbswl0727/224211372418
탕후루,2026,2026 사랑해상해 상해사랑해 (1),2년 연속 새해맞이는 상해에서 <b>2016</b>년 웤샵으로 갔을때 홀리한 야경..대륙의 맥주사이즈.. 중국스럽지... 홀리~ #난징동루 <b>탕후루</b>의 나라 탕탕 이건 엄벌아닌가요..? 신발끈 지옥 J스럽게 헌지후이지엔 웨이팅을... ,☺︎,2026-03-09,https://blog.naver.com/herobin_530/224209355671
탕후루,2026,&quot;돈 있어도 못 먹었던&quot; 역대급 품절 대란 음식 (2010 ~2026),"2010년대 후반: &quot;SNS 인증샷 전쟁&quot; 대왕 카스테라 (<b>2016</b>): 번호표를 받고 빵이 나오는 시간을 기다려야... <b>탕후루</b> (2023): 인기 매장은 대기 번호표를 뽑아야 할 정도로 인기가 대단했고, 특히 딸기 <b>탕후루</b>는 제철이... ",썬몬의 경제블로그,2026-03-06,https://blog.naver.com/erjy99/224207144870
탕후루,2026,스팸 선물세트,"자체가 <b>탕후루</b> 소프트버전인데, 달아요 당충전 즉각 반응옴 유통기한6개월, 아랍에미리트... <b>2016</b>년에는 중국인 관광객이 가장 좋아하는 한국 음식 1위로 꼽았고, 2019년에는 미쉐린 가이드가 ‘한국에서 꼭... ",공간을채우는사랑,2026-03-04,https://blog.naver.com/gkakehdehd/224203751271
탕후루,2026,김지수 프로필 나이와 개인 레이블 설립 후 사주 대운이 예견한... ,데뷔: <b>2016</b>년 8월 8일 BLACKPINK 싱글 1집 'SQUARE ONE' 활동 내역 드라마 2026년: 넷플릭스 '월간남친... 연습생 시절에도 '<b>탕후루</b>'를 몰래 사 먹기 위해 도어락 소리를 죽이고 탈출을 감행했을 만큼 엉뚱하고 자유로운... ,dramovist,2026-03-03,https://blog.naver.com/dramovist/224200156904
탕후루,2026,생일축하해,"홍탕먹고 고통받고 백탕먹고 진정하기 (반복) 후식으로 고구마 맛탕을 준다 내사랑 고구마 <b>탕후루</b>... 마지막 민증 발급년도 <b>2016</b>년... 진짜 진짜로 바꿀때가옴,,,,,,, 사진사가 너무 후다닥 찍길래 걱정했는데... ",단호한 쏘렝로그,2026-03-02,https://blog.naver.com/ssolenglog/224201760024
탕후루,2026,JAN-FEB(+ SH..),미친 맛 (p) 다들 꼬옥 드셔보시길 ♥ 불끄고 오다가 넘 cozy 해보여서 찍음 ㅎㅎ <b>2016</b>년 사진 찾아보는게... 가지<b>탕후루</b> 이거 먹으러 신촌 오는사람은 나밖에 없을거야 ㄱ- 너무 맛나다 고기튀김 .. 노량진... ,narchive,2026-03-01,https://blog.naver.com/yunarchive/224200571553
탕후루,2026,SNS 휩쓴 두바이 초콜릿 ‘두쫀쿠’… 희소성 잃고 하강 ↓,"<b>탕후루</b>가 썰물처럼 빠져나간 자리를 고민하던 이들에게 두쫀쿠는 즉각적인 매출 상승을 견인하는... 폐업 명단에는 유행과 상관없이 자리를 지켜온, <b>2016</b>년 이전에 개업한 ‘노포’ 격의 가게 7곳도 포함됐다.... ",TENANT NEWS,2026-03-01,https://blog.naver.com/tenantnews/224199142750
탕후루,2026,2010년대 유행음식,"<b>2016</b>, 17년은 본인은 군생활 중이라서 잘 모른다. 근데 페이스북에 대왕 카스테라, 명랑핫도그가 종종... 이때부터 초중학생들이 마라탕&gt;<b>탕후루</b>&gt;코인노래방 코스로 논다던데, 최근에 마라탕 오랫만에 한번... ",갈래길,2026-03-01,https://blog.naver.com/joshua6673/224199778746
탕후루,2026,자랑스러운 태극기 앞에,다들 <b>탕후루</b>를 들고 있길래 따라서 사 먹었는데 비추합니다 비빔국수로 만족했는데 하마터면 실망할 뻔 했네요 ㅠㅠ (<b>탕후루</b>는 그 유명한 왕이네가 젤 맛있는 듯요 ㅎㅎ) 국수 묵고 주차장으로 다시 돌아가는데... ,my3555,2026-02-28,https://blog.naver.com/my_3555/224199692704
탕후루,2026,13화-별난 놈 GOAT를 향하여,나는 <b>2016</b>년 이후 전혀 알지 못하고있다 그래서 윤상에 당신은 미래에 완전히 성공한다 이말만하고 두쫀쿠 사줄사람 AI노래 꼴통 그리고 마라<b>탕후루</b>까지 부르며 마무리 뭐 불합격이지뭐야 그냥 웃으며 나는... ,Freak Diary,2026-02-27,https://blog.naver.com/allmighty132/224198094263
탕후루,2026,전문’공학영어에선 Asphalt Concrete가 不可分의 同一한... ,[네이버 블로그] 금호김영집 https://m.blog.naver.com/yjsjhs https://m.blog.naver.com/arangjoeul https://m.blog.naver.com/bwiwd https://story.kakao.com/kumhokyj/717EHM9rSm9 https://story.kakao.com/kumhokyj/6ZI2VksbTm9 https://story.kakao.com... ,전화통화 신분확인.말을못해서 말을하지않는게아니다,2026-02-26,https://blog.naver.com/yjsjhs/224196401526
탕후루,2026,허니버터칩→<b>탕후루</b>→두쫀쿠… 다음 대세는 봄동비빔밥?,"줄 서서 사던 시절이 있었고, <b>2016</b>년엔 대만카스테라가 동네마다 생겼습니다. 2019년은 마라탕, 2022년은 포켓몬빵, 2023년은 <b>탕후루</b>, 2024년 요아정, 그리고 2026년 현재는 두쫀쿠. 이렇게 보면 푸드 트렌드는 약 2... ","지금, 보다 더 높이",2026-02-25,https://blog.naver.com/cssh_/224194981586
탕후루,2026,"상하이 매너커피, 인민광장 릴리안 베이커리 에그타르트... ",4개에 이 가격이라 일단 가격적으로 혜자 판정 그리고 나는 갠적으로 추억이 미화된건지 (<b>2016</b>년에도... 플리마켓이 있었는데 여기서 <b>탕후루</b>랑 존맛 망고를 먹었다 오즈모 렌즈가 거꾸로 되어있었는지 뮤뱅... ,inner. peace,2026-02-24,https://blog.naver.com/lovehot9253/224194664497
탕후루,2026,2026.02.23 경제뉴스,22일 바이오업계에 따르면 중국 정부는 <b>2016</b>년 국가 바이오산업 육성의 최상위 설계도 역할을 하는 정부 계획 ‘헬스 차이나 2030’을 마련한 뒤 하위 규범 등을 통해 관련 조치를 지속적으로 업데이트하고... ,newstodayx,2026-02-23,https://blog.naver.com/newstodayx/224192805992
탕후루,2026,인천 중구  일반음식점,"운서동) ▷ <b>2016</b>고기불패 인천광역시 중구 영종대로 100(203호 운서동, 신성하우스빌) ▷ 24시소풀이양평해장국연안부두종합어시장점아침,점심,저녁찐인천 인천광역시 중구 연안부두로33번길 10... ",010-8968-1669 하나부동산,2026-02-23,https://blog.naver.com/5771171hana/224192560229
탕후루,2026,광역시별 야시장 먹거리 비교 아직도 어디 갈지 모르세요?,"1 야시장 <b>2016</b>년 6월에 문을 연 대구 서문야시장은 총 350m 길이의 거리에 60여 개 이상의 음식 점포가... 전라도식 육전 떡갈비 (광주 대표) 장터국수 (1,000원!) 홍어삼합 세계맥주 4,000원 수제 식혜 닭발 <b>탕후루</b>... ",luvtours 여행,2026-02-22,https://blog.naver.com/luvtours/224191412054
탕후루,2026,"[김포] 가성비 혜자, 선물받고 싶은 답례품 추천 - 진심카스테라","<b>2016</b>년에 한국을 강타한 대만카스테라 열풍을 아시나요 ㅎ 항상 마라탕이나 <b>탕후루</b>, 두쫀쿠처럼 외국 음식들이 열풍을 몰고 가곤 하는데요 :) 압도적인 크기와 부드러움으로 사람들에게 인기가 많았던 대만... ",yuki의 리뷰노트,2026-02-20,https://blog.naver.com/platonicbaby/224189714462
탕후루,2026,연휴.. 끝,같이시키세염 닭강정은 ㄹㅇ <b>탕후루</b> 같고 와사비 김밥 시켜서 코 찡- 꼭 해라... 오랜만에 셀카 혜원씨가 보고 <b>2016</b> 같대요 #<b>2016</b> 이거 유행이자나 부산 간다니까 아빠가 선글라스 협찬 해줬습니다 ♥ 사실 차에... ,⭐️,2026-02-20,https://blog.naver.com/amethystxsally_/224189685202
탕후루,2026,"&lt;가제노타미-저소비생활&gt;, &lt;키마카길-과식의심리학&gt; 서평","과식의 심리학 키마 카길<b>2016</b>루아크 원래 이 책은 과식을 하게 되는 나의 심리를 알기 위해서 읽은... 그리고 시즌별로 유행하는 음식(마라탕, <b>탕후루</b>, 두쫀쿠, 젤리얼먹 등)이 계속 있고, 그걸 먹지 못하면 유행에... ",디지털 끄적이,2026-02-19,https://blog.naver.com/maison_celeste/224188062236
탕후루,2026,두쫀쿠 벌써 끝물... 허니버터칩부터 시작된 유행의 역사,2) 대만 카스테라 (<b>2016</b>~2017년) – 디저트 붐 대만 카스테라는 한때 번화가마다 매장이 여러 개 생길... 5) <b>탕후루</b> (2023년) – 달콤함에 '소리'와 '비주얼'을 얹다 <b>탕후루</b>는 단순히 달아서 뜬 게 아닙니다. 설탕... ,한입 재테크,2026-02-18,https://blog.naver.com/antsal/224186869651
탕후루,2026,신부동 맛집 수제버거 다운타우너 신세계백화점 천안아산점,"거의 <b>탕후루</b> 느낌인거같아요! 마시멜로우에다가 초코로 만들어져서 몸에 좋지도 않구,, 영양분도... 캐이득 ㅎㅎ 다운타우너 브랜드에 대해서 알아봤는데요~ <b>2016</b>년 서울 한남동에서 시작된 패스트 &amp; 프리미엄... ",Chubob_v,2026-02-15,https://blog.naver.com/skgltjs/224184507835
탕후루,2026,"전소미 도쿄 미슐랭 맛집 - 나카노 모모타로 스시, 미가키... ",고구마맛탕 =고구마 <b>탕후루</b> 냉동 디저트라 실온에 약 30정도 두어 살짝 녹였다 먹는 걸 추천... 타쿠보 <b>2016</b>년부터 미쉐린 가이드 도쿄에서 1스타를 꾸준히 유지해 온 식당 장작불로 구워낸 장작구이 스타일이... ,INFP적 여행탐구생활,2026-02-15,https://blog.naver.com/ujumarryme/224184182799
탕후루,2026,"2/14재수브이로그 (22), D-278",왕가<b>탕후루</b>에서 크림브렐레 하나 먹어줌 그리고 집에 와서 죠스떡볶이 사서 먹음. 죳떡복이는 처음... 고등 국어의 기술 외전: 결국은 어휘력 이해황<b>2016</b>좋은책신사고 원래는 지적 대화를 올리는 뭐시기 ㅈㄴ... ,진우님의 블로긔,2026-02-14,https://blog.naver.com/jinuchoe246/224184147690
탕후루,2026,두쫀쿠 유행으로 알아보는 대한민국의 단기 유행 음식 트렌드,대만 대왕 카스테라 <b>2016</b>년을 전후해 전국적으로 매장이 급증하며 ‘줄 서서 먹는 디저트’의 상징이... <b>탕후루</b> 알록달록한 과일과 바삭한 설탕 코팅으로 SNS 인증용 디저트로 큰 인기를 끌었습니다. 다만... ,slow archive,2026-02-13,https://blog.naver.com/weloveparty/224182830318
탕후루,2026,설마 나도? 2030 당뇨 환자 폭증! 소변 볼 때 '이것' 보이면... ,"구분 10년 전 (<b>2016</b>) 오늘 (2026.02) 2030 당뇨 환자 약 5~6만 명 수준 약 18~20만 명 (추정) 주요 원인 유전, 고도비만 배달앱, 액상과당, <b>탕후루</b> 특이점 증상 뚜렷함 증상 없음 (가면 당뇨) 인식 &quot;어르신 질환&quot; &quot;국민... ",별이의 건강 라이프,2026-02-13,https://blog.naver.com/s990071/224182322242
탕후루,2026,2026년 1월,두쫀쿠를 찾아서~ 성신 로데오 판다<b>탕후루</b> 두쫀쿠 사러 왔는데 가격은 9000원인데 영 맛은... 그냥... <b>2016</b>년 사진 올리기 유행이라해서 2015~6년 사진 보는데 내가 나에게 충격. 늙기 싫다 진짜!!!!!!! 여튼 11년 전... ,기록 모음.zip ♡˖,2026-02-10,https://blog.naver.com/gyals980317/224177492235
탕후루,2026,2. 제목을 못 지었어요 | Emory 교환학생 일기,라고 했는데 <b>탕후루</b>처럼 모든 것이 얼음코팅 되어있다는 것을 발견함 밥 먹음요 다같이 영화봤어요 유로비전 영화였는데 정말 웃겼음 올해 유로비전 궁금하다 사촌동생 고1 수학 문제 풀었음 나 안... ,千年之爱,2026-02-10,https://blog.naver.com/bluesouldress/224178177257
탕후루,2026,두쫀쿠 열풍의 원인(feat. 포모 &amp; 여심),점령했던 <b>탕후루</b>도 딱 1년 천하였다. 딸기 오믈렛 (<b>2016</b>년): 9개월 포켓몬빵 (2022년): 8개월 두바이 초콜릿 (2024년): 7개월 두바이 초콜릿 유행은 고작 7개월 만에 꺾였다. 지금 유행하는 두쫀쿠는 이 두바이... ,시간투자가 힘이다,2026-02-09,https://blog.naver.com/zest258/224176885485
탕후루,2026,2026.02.09 경제뉴스,마련해야&quot; <b>2016</b>년까지 북한 개성공단에 입주했던 국내 기업 중 3분의 1가량이 영업을 중단한 것으로... 마련해야&quot; <b>2016</b>년까지 북한 개성공단에 입주했던 국내 기업 중 3분의 1가량이 영업을 중단한 것으로... ,newstodayx,2026-02-09,https://blog.naver.com/newstodayx/224176966306
탕후루,2026,우리나라 디저트 유행 시기 총정리,"<b>2016</b>년 9월부터 2017년 5월까지 약 9개월 동안은 딸리오믈렛이 인기를 얻으며 간단하지만 독특한... 2023년 5월부터 2024년 5월까지 <b>탕후루</b>와 요거트 아이스크림이 각각 약 12개월 동안, 그리고 2024년 3월부터... ",잘먹고 잘벌고 잘놀기,2026-02-09,https://blog.naver.com/daffodil2023/224176867576
탕후루,2026,우리가 못구해 안달 났던 유행 음식(2010 - 2024),"<b>2016</b>년: 대왕 카스테라 전국 확산 거대한 철판 퍼포먼스, 부드러운 식감으로 유행을 탔지만 논란과 과열... 보다 여전히 소금빵 최고 2023년: <b>탕후루</b> <b>탕후루</b>는 재미와 식감으로 확실히 존재감이 있었습니다.... ",바다는 넓고 다양합니다,2026-02-07,https://blog.naver.com/allabouutsea/224175085373
탕후루,2026,026 디저트 대란! 두바이 쫀득쿠키가 유행하는 이유와 역사적... ,대만 카스텔라 (<b>2016</b>년) - 해외 현지화의 명암두바이 초콜릿처럼 해외의 특정 먹거리가 한국식으로... <b>탕후루</b> (2023년) - 식감과 비주얼의 승리두바이 쫀득쿠키가 카다이프의 '사각사각'함과 마시멜로의 '쫀득함... ,처용님의 블로그,2026-02-07,https://blog.naver.com/injun60/224175046928
탕후루,2026,"두바이 쫀득 쿠키, 반짝 유행의 종착역에 서다","2022년 하반기 전국 곳곳에 <b>탕후루</b> 전문점이 생겨났지만, 2023년 중반부터 폐업이 속출했다. 대왕 카스테라 역시 <b>2016</b>년 한때 전국에 수백 개 매장이 생겼다가 1년 만에 대부분 문을 닫았다. 초기 투자 비용을... ",여가우 - 여행가자 우리,2026-02-07,https://blog.naver.com/mkim9002/224174951181
탕후루,2026,앞으로 총 몇 번의 몇 번의 희망과 그리고 또 몇 번의 몇 번의... ,내껀 <b>탕후루</b> 죠르디임 아 말티쥬도 넘 기엽당 1층 내려가니까 파우치도 있어서 뽑았어요 장바구니... 마싯었으ㅠ <b>2016</b>년 사진 올리는게 유행이래서 유행탑승함 23살 마늘이 너무 어리고 뼈밖에 없네요 ㅇㅈㄹ 딱... ,*⁀➷♥️ —♡ ˚₊·—̳͟͞͞♡ —̳͟͞͞♥️,2026-02-05,https://blog.naver.com/sye941019/224172084056
탕후루,2026,️ 몇 년간 유행한 음식 트렌드 리뷰,2️⃣ 대왕 카스테라 – 바이럴의 전형적 실패 사례 유행 시기 <b>2016</b>~2017 초단기 폭발 왜 떴나... 4️⃣ <b>탕후루</b> – Z세대 감성의 극대화 유행 시기 2023~2024 초반 왜 떴나 바삭 소리(ASMR) 형형색색 비주얼 10대·20대... ,ITDA 세상을 잇다!,2026-02-04,https://blog.naver.com/itda_official_/224171337632
탕후루,2026,사랑. 겨울. 함께. 행복,"중국에서 먹은 탕<b>탕후루</b>후루들 하얼빈에서 먹은 두리안 <b>탕후루</b>.. 두리안 진짜 맛있는데, 다들 <b>탕후루</b>... 그 후에 보드게임 카페에 가서 또 달무티 <b>2016</b> 2026년을 맞이하며 <b>2016</b>년을 되돌아보았습니다! 우리가 처음... ",@est.flower_☘️,2026-02-03,https://blog.naver.com/sumin1234512/224170618880
탕후루,2026,"4월 칭다오 여행｜칭다오 일조 2박 3일 여행 일정, 경비, 맛집... ","언니들이랑은 아주 까마득한 <b>2016</b>년, 내가 무려 21살이던 시절,,,!!! 교환학생 때 알게 됐고, 감사하게도... <b>탕후루</b>도 먹고, 버블티도 먹고, 양꼬치도 먹고 저녁에 진짜 배부르게 잘 먹었다. 학교 북문 쪽에... ",흥망진창 꼬마구미는 요지경,2026-02-03,https://blog.naver.com/yolo414/224170023563
탕후루,2026,세상을 읽는가장 빠른 방법,"두쫀쿠 너무 잘팔려서…사장님은 울고 싶다 [무너지는 K자영업] 중앙일보 입력 2026.02.03 05:00업데이트 2026.02.03 05:08 최근 '두바이 쿠키'가 갑자기 유행하게 된 배경은 무엇인가요? '두바이 쫀득 쿠키', 일명... ",5천만 국민.질병 없는.백년건강 위하여~~~,2026-02-03,https://blog.naver.com/c1c1b1b1/224169632904
탕후루,2026,불안과 행복의 상관관계,그럼제가선배맘에 탕<b>탕후루</b>후루탕<b>탕후루</b>루루 와 만약에 우리? 나f긴 한데 싸이코fㅐ스여서 영화... 유행하는 <b>2016</b> 입니다 아집 쎈 초딩 용한 사주집 프롬포트 있어서 해봤는데 와 진짜 놀랐음. 괜찮아 남발 진짜... ,jiaoshuxuan,2026-02-03,https://blog.naver.com/parkseohyun1211/224169445853
탕후루,2026,너무 깊게 생각하지 마십시오,<b>탕후루</b> 어쩌다 하루는 먹고싶다고 쌰갈!!!!!!!!!!! 지하철 타기전에 이렇게 오래 기다릴줄 몰라가지고... 잘 찍혀서 기분 좀 좋았던 사진 요즘 <b>2016</b>년 사진 찾는게 유행인거야 그래서 찾다가 이제 7살을 갓 넘긴 8살... ,아마도 이수빈,2026-02-02,https://blog.naver.com/amasubin/224169355503
탕후루,2026,26 01,"ㅎㅎ <b>2016</b>년 사진 올리는 게 유행이라며 ? 쫑이 사진만 잔뜩 저장한 나 오랜만에 보는 귀여운 사진... 먹고 <b>탕후루</b>도 먹었는데 사진이 없음 ㅜ ㅜ이제 안 까묵어야지 , ,, 01 26 오랜만에 엄마아빠랑 순댓국 먹음... ",SSOLOG,2026-02-02,https://blog.naver.com/seo__bin/224168919038
탕후루,2026,#DCFAF5,"실은 설세일 때 사기로 마음 먹음 돈 아껴야 돼,,, <b>탕후루</b> : <b>2016</b>년도에 중국에서 먹은 게 처음이자 마지막 포켓몬빵 : 2015년도엔가 팔복에서 사먹은 게 마지막 포켓몬고 : 2016년도에 수능 끝나고 유행해서 하다가... ",ADIOSAMOR,2026-02-02,https://blog.naver.com/hyeniverse/224168903387
탕후루,2026,베이징_북경어언대️ 삶의 어느 지점에 우리가 함께였음이,"아빠는 가끔 진짜 상황을 크면서도 작게 보는게 신기해 무튼,, 무탈하게 잘 복귀함 전에 살던 외국인이 온 방안에 붙이고 간 <b>2016</b>깔 아니 1996년깔 아니 16세기깔 스티커 그리고 드디어 마련한 아우터 ㅠ 저거 그냥... ",Myonly_space,2026-02-02,https://blog.naver.com/kimeunsu13/224168210846
탕후루,2026,[금주의 신상] 한솥 치킨난반 덮밥 &amp; 버거킹 크리스퍼 리뉴얼... ,의아하지만 <b>2016</b>년이 10년전이라니 엄청난 쇼크입니다 아 늙기싫다 세븐일레븐 샤빠딸 샌드 요즘 과일샌드 이거저거 섞는게 유행인가 뭔가 <b>탕후루</b> 같은 컬러풀한 샌드위치들이 많이 보입니다 CU 이석원 명장빵... ,"돈찐의 거의, 주로 먹는이야기",2026-02-01,https://blog.naver.com/don_jjin/224167989790
탕후루,2026,"설탕 부담금 공론화: 국민 건강을 위한 골든타임인가, 서민... ","최근 몇 년간 <b>탕후루</b> 열풍이 불면서 청소년들의 당류 섭취가 급증했고, 이에 대한 반작용으로 제로... WHO는 <b>2016</b>년부터 설탕이 들어간 음료에 20% 이상의 세금을 부과할 것을 공식적으로 권고했습니다. 이는 설탕... ",sounest 느좋 플리,2026-02-01,https://blog.naver.com/sounest/224167442305
탕후루,2026,1월 반납할게요 환불해주세요 깔끔하게 사용했어요 기스없구요,개처맛있는 <b>탕후루</b>도넛됨!!! 와 처음으로 내 댓글 읽어줘서 나도 모르게 캡쳐함 믿습니다 위즈니... 왜 <b>2016</b>년 코어가 유행인지 아시는 분 있나요??? 그냥 10년 전이라 그런건가? 오랜만에 중딩 때 사진도 보고... ,雲心月性,2026-02-01,https://blog.naver.com/lab_yrinth/224167028916
탕후루,2026,쓰기의 말들/은유/유유,"붉은 베일과 붉은 천이 드리워진 혼례식, 하늘을 나는 검무, 토끼 연등이 눈을 사로잡는 연등 축제, 나무에 매단 소원 깃발, 산사나무 열매를 설탕 시럽으로 굳힌 <b>탕후루</b>는 단골 메뉴다. 의미 없는 행동으로... ",시담글담,2026-02-01,https://blog.naver.com/lotus881109/224166992697
탕후루,2026,네 이름을 가만 불러보면 사랑한다는 말 같아,(사실 <b>탕후루</b> 만들어먹을 귤이었대) 난 너무 피곤해서 <b>탕후루</b>만들기 놀이에 동참하진 않았지만 귀여워... to <b>2016</b>가 유행이여서 스노우 깔고 놀아쥼 (얼굴 바꾸기 필터) ?:와 나 여자로 태어났으면 큰일날뻔;... ,hyelim8_님의 블로그,2026-01-31,https://blog.naver.com/hyelim8_/224166924808
탕후루,2026,깨스통의 후쿠오카 여행 일기,실제로 저녁 8시에 공연함 <b>2016</b>코어가 유행한다길래 로즈쿼츠 세레니티 목도리 해 봤네요 한 시간 동안... 아무튼 첫 코스로 다자이후 천만궁 갔어요 건축 무슨 상 받은 스타벅스래 <b>탕후루</b> 가게 앞에서 많이 본... ,La vie est belle,2026-01-31,https://blog.naver.com/yoonfamilly/224166886579
탕후루,2026,Popo,9시 30분 도착 ㅇㅈㄹ 그럼에도 불구하고 5번째였다 후추돼지덮밥 맛있옸다 불맛 죽여줘요 <b>탕후루</b>... 꿔바로우 맛있었다 쑥 먹는 고양이 대만 가요 참고하세요 종인이랑 돼지파티 <b>2016</b>…… 목에 안경닦이까지... ,김애용입니다,2026-01-31,https://blog.naver.com/elswlswls/224166698205
탕후루,2026,타이베이 스린야시장 먹거리 지파이 권씨아저씨 렌즈구입,<b>2016</b>년 처음 대만 방문했을 때 카톡했던거 남아있더라고요. 한국어로 카톡으로 주문하고 찾으러 가면... 오징어구이 <b>탕후루</b> 등 맛있어보이는게 많긴 한데 뭐먹을지 엄청 고민되서 쭉 한번 일단 돌아봤어요... ,이써니의 일상다이어리:),2026-01-31,https://blog.naver.com/lovely_227/224166069049
탕후루,2026,두바이 쫀득쿠키,"시카고피자 <b>2016</b>. 대왕카스테라 2017. 명랑핫도그 2018. 소떡소떡, 뚱카롱 2019. 마라탕, 흑당버블티 2020. 달고나커피, 호두과자 2021. 로제떡볶이, 분모자 찜닭 2022. 소금빵, 포켓몬빵 2023. <b>탕후루</b>... ","블로그 개설 20주년을 꿈꾸며, SINCE 2004",2026-01-30,https://blog.naver.com/wjdgns1102/224165836949
탕후루,2026,"설탕세, 달콤한 유혹인가 쓴 약인가? 우리가 몰랐던 5가지... ","거리마다 줄을 서서 먹는 <b>탕후루</b>의 원색적인 달콤함과, 그 죄책감을 덜어내려는 듯 쏟아져 나오는... <b>2016</b>년 세계보건기구(WHO)의 권고 이후, 전 세계 120여 개국이 이미 이 제도를 도입했습니다. 이들 국가가... ",커뮤니티 갤러리,2026-01-30,https://blog.naver.com/11vdvdvd/224164927747
탕후루,2026,+|+北‘廣野Bear熊의 麥판다곰GM情大田‘味THE本‘擴張性와... ,北‘廣野Bear熊의 麥판다곰GM情大田‘味THE本‘擴張性와 米반달GOM世宗두리본紫禁城/南‘江山Chicken鷄의 豆‘亭‘禪宗‘敎宗리더본正熟成/東牛州의 井‘羅城/西豚川의 #‘中國城. 北‘廣野Bear熊의... ,전화통화 신분확인.말을못해서 말을하지않는게아니다,2026-01-30,https://blog.naver.com/yjsjhs/224164731200
탕후루,2026,흘러가는 겨울처럼,컬러그램 <b>탕후루</b> 탱글 꿀로스 구아바이 색상 여쿨라라면 꼬옥 사길 (플럼퍼 틴트임) 연애 초에는... 요즘 <b>2016</b>년 어게인이 유행이길레 모아봤는데 내 <b>2016</b>년은 스노우에게 지배당한듯 이번 달은 서울 올 일이... ,취향의 범위,2026-01-29,https://blog.naver.com/zlekfl0629/224164666693
