keyword,year,title,description,cafename,pubDate,link
탕후루,2016,"[대전 긴급 업데이트 NO.105] 놓치면 후회! 메인상권,핵심입지,무권리,공실 임대다량! 상가*사무실*공장*창...",전문점 - <b>탕후루</b>·마라탕 소형 전문점 - 전자담배·액상 전문점 - 버블티·음료 테이크아웃 전문점 - 문구... 사용승인: <b>2016</b>년09월23일 용도: 제1종근린생활시설 주차: 2대 이상 가능 입주가능일: 즉시 가능 관리비: 건물... ,(주)정민근부동산중개법인,,http://cafe.naver.com/qazplm1980/1829
탕후루,2016,쥬씨 창업 비용 얼마나 들까,"<b>2016</b>년 1년 만에 가맹점 800호점을 돌파함. 2019년 이후에는 과일편의점 콘셉으로 변경하며 컵과일, 디저트... 매출 극복을 위해 <b>탕후루</b>가 나와 <b>탕후루</b> 메뉴도 내놓고 해봤지만 <b>탕후루</b>가 오래 가지 못해 금방... ",[만렙사장] 자영업자 NO.1 커뮤니티 -...,,http://cafe.naver.com/whduddn0317/1405707
탕후루,2016,[구마모토 가이드 산책] 구마모토성 코스 90분,"<b>2016</b>년 구마모토 강진 당시 큰 피해를 입었지만, 시민들의 간절한 염원과 최첨단 복원 기술이 만나 기적처럼... 구마모토의 명물인 말고기 고로케, 신선한 과일 <b>탕후루</b>, 진한 녹차 아이스크림 등 눈과 입을 즐겁게 하는... ",쿠마모토 라이프 : 일본 구마모토 한달...,,http://cafe.naver.com/acopia/1123
탕후루,2016,"[대전 긴급 업데이트 NO.104] 놓치면 후회! 메인상권,핵심입지,무권리,공실 임대다량! 상가*사무실*공장*창...",전문점 - <b>탕후루</b>·마라탕 소형 전문점 - 전자담배·액상 전문점 - 버블티·음료 테이크아웃 전문점 - 문구... 사용승인: <b>2016</b>년09월23일 용도: 제1종근린생활시설 주차: 2대 이상 가능 입주가능일: 즉시 가능 관리비: 건물... ,(주)정민근부동산중개법인,,http://cafe.naver.com/qazplm1980/1817
탕후루,2016,[ 2026년 4월 3일(금) 프랜차이즈 뉴스 ],브랜드 '롯데리아'가 <b>2016</b>년 판매 종료된 ‘불갈비 버거’를 특화 메뉴로 재출시했다.해당 제품은 안산... 갇힌 <b>탕후루</b> 살아남는 ‘유행 음식’의 조건 [유행 vs 스테디②] 유행이라는 파도가 지나간 자리에 어떤... ,창업 알고하면 성공한다,,http://cafe.naver.com/sbiznews/13933
탕후루,2016,(당첨자 발표) kt M모바일 3월 신규가입 이벤트! (최대 10만원 경품증정) (~3/20),마카롱<b>탕후루</b> 55 한가함 56 모름리 57 왕짱 58 조라클 59 hj910803 60 언오리 61 하루꿀꿀 62 햇별a 63... cop<b>2016</b> 256 쿠쿠쿠 257 이스마일 258 달달구리 259 마요 260 동그란마음 261 emily 262 킹르브롱제임스... ,알뜰폰 무물닷컴 카페 (kt M모바일 공...,,http://cafe.naver.com/ktmmobile20/54019
탕후루,2016,눈꽃빙수 vs 실타래빙수,디저트에도 트렌드가 있어서 이런저런 디저트가 계속 나오더라구요 <b>탕후루</b>.. 두쫀쿠.. 버터떡 계속 유행이 돌던데 또 금방 인기가 식으니까 궁금해져서 다른 분들 의견들어보려고합니다 눈꽃빙수야 이미 스테디 셀러가 된... ,프로페셔널 바리스타 스튜디오 by GCC...,,http://cafe.naver.com/barman/1284345
탕후루,2016,3/13(금) 인공지능 및 이커머스 주요 소식,이어 △대왕카스테라(<b>2016</b>년) 10개월 △흑당 버블티(2019년) 8개월 △크로플(크루아상X와플·2020년) 1년 △포켓몬빵(2022년) 7개월 △<b>탕후루</b>(2023년) 6개월 △먹태깡(2023년) 5개월 등 대부분 1년 안팎으로 디저트 유행 지속... ,"블카유 연구소(블로그, 카페, 유튜브 ...",,http://cafe.naver.com/onlinehuman/17388
탕후루,2016,"[대전 긴급 업데이트 NO.103] 놓치면 후회! 메인상권,핵심입지,무권리,공실 임대다량! 상가*사무실*공장*창...","사용승인: <b>2016</b>년09월23일 용도: 제1종근린생활시설 주차: 2대 이상 가능 입주가능일: 즉시 가능 관리비: 건물... 무인라면, 컵밥, 도시락, <b>탕후루</b>, 마라탕, 전자담배 등 학생들을 타겟으로 하는 모든 업종에 강력... ",(주)정민근부동산중개법인,,http://cafe.naver.com/qazplm1980/1800
탕후루,2016,"&quot;슈거플레이션 공포, 설탕세가 불러올 가공식품 가격 도미노 인상 시나리오&quot;",<b>2016</b>년부터 설탕세 도입을 강력히 권고해 왔습니다. 2026년 현재 전 세계 약 120개국이 이 제도를 운영 중입니다. 한국에서 논의가 급물살을 탄 이유는 '청소년 당 중독'과 '건강보험 재정 악화' 때문입니다. 최근 '<b>탕후루</b>... ,행복재테크ㅣ부동산 투자 경매 창업 직...,,http://cafe.naver.com/mkas1/1917512
탕후루,2016,최근 10여년간 유행 했다가 사라진 아이템들,2) 대만 카스텔라 (<b>2016</b>~2017) 특징: 가성비 좋은 거대한 크기와 촉촉한 식감으로 줄을 서서 먹는 진풍경을... 5) 마라탕과 <b>탕후루</b> (2023~2024) 특징: 10대와 20대의 '마라탕 후 <b>탕후루</b>' 코스가 문화가 될 정도로 유행했습니다.... ,"유통과학연구회-유통도매,공동구매,스...",,http://cafe.naver.com/dbstnzld1/1154007
탕후루,2016,대한민국 식품 유행의 역사,대한민국 식품 유행의 역사 2014 – 허니버터칩 <b>2016</b> – 대만 카스테라 2019 – 마라탕 2022 – 포켓몬빵 2023 – <b>탕후루</b> 2024 – 요아정 2025 – 두쫀쿠 살아남은 것은 마라탕뿐 ⠀,아프니까 사장이다 [소상공인·자영업...,,http://cafe.naver.com/jihosoccer123/3566895
탕후루,2016,두쫀쿠 유행 끝난 것 같네요,재고가 남쳐난대요~ 대한민국 식폼 유햄의 역사 2014 – 허니버터칩 <b>2016</b> – 대만 카스테라 2019 – 마라탕 2022 – 포켓몬빵 2023 – <b>탕후루</b> 2024 – 요아정 2025 – 두쫀쿠 살아남은 것은 마라탕뿐? 구래도... ,쌍둥이맘 모여라 - 쌍둥이 대표 카페,,http://cafe.naver.com/getamped2/831515
탕후루,2016,우리가 늙었다는 증거(간식편),두바이초콜릿(2025)(1년전) <b>탕후루</b>(2023)(3년전) 포켓몬빵(2022)(4년전) 마라탕(2019)(7년전) 대왕카스테라(<b>2016</b>)(10년전) 허니버터칩(2014)(12년전) 오늘의 결론 : &quot;나 개 늙었다&quot;,별사탕정거장,,http://cafe.naver.com/candybyeol/117
탕후루,2016,"[대전 긴급 업데이트 NO.102] 놓치면 후회! 메인상권,핵심입지,무권리,공실 임대다량! 상가*사무실*공장*창...","사용승인: <b>2016</b>년09월23일 용도: 제1종근린생활시설 주차: 2대 이상 가능 입주가능일: 즉시 가능 관리비... 무인라면, 컵밥, 도시락, <b>탕후루</b>, 마라탕, 전자담배 등 학생들을 타겟으로 하는 모든 업종에 강력 추천합니다.... ",(주)정민근부동산중개법인,,http://cafe.naver.com/qazplm1980/1797
탕후루,2016,2026년 2월 9일 월요일 건강한 음식,"국민건강영양조사(<b>2016</b>~2023년) 결과를 분석한 자료에 따르면 국민 총 당 섭취량은... 음식군별 섭취량을... Mon, 09 Feb 2026 20:01국민 6명 중 1명은 당 과잉 섭취…10세 미만이 가장 높아 - 네이버뉴스<b>탕후루</b>와 두바이... ",액티브 시니어 뉴스 라운지,,http://cafe.naver.com/magicbank/1789
탕후루,2016,[정보] 2월 1주차 식음료 신제품 소식 (쏟아지는 두쫀쿠 디저트들),의아하지만 <b>2016</b>년이 10년전이라니 엄청난 쇼크입니다 아 늙기싫다 세븐일레븐 샤빠딸 샌드 요즘 과일샌드 이거저거 섞는게 유행인가 뭔가 <b>탕후루</b> 같은 컬러풀한 샌드위치들이 많이 보입니다 CU 이석원 명장빵 흑백콜라보... ,오르비웨이,,http://cafe.naver.com/kurung/2905
탕후루,2016,[금주의 신상] 한솥 치킨난반 덮밥 &amp; 버거킹 크리스퍼 리뉴얼 등 2월 1주 차 식음료 주요 신제품 정보[출처...,의아하지만 <b>2016</b>년이 10년전이라니 엄청난 쇼크입니다 아 늙기싫다 세븐일레븐 샤빠딸 샌드 요즘 과일샌드 이거저거 섞는게 유행인가 뭔가 <b>탕후루</b> 같은 컬러풀한 샌드위치들이 많이 보입니다 CU 이석원 명장빵 흑백콜라보... ,잉푸의 얼렁뚱땅 사후세계,,http://cafe.naver.com/ingpu8a8/3425
탕후루,2016,[금주의 신상] 한솥 치킨난반 덮밥 &amp; 버거킹 크리스퍼 리뉴얼 등 2월 1주 차 식음료 주요 신제품 정보,의아하지만 <b>2016</b>년이 10년전이라니 엄청난 쇼크입니다 아 늙기싫다 세븐일레븐 샤빠딸 샌드 요즘 과일샌드 이거저거 섞는게 유행인가 뭔가 <b>탕후루</b> 같은 컬러풀한 샌드위치들이 많이 보입니다 CU 이석원 명장빵 흑백콜라보... ,꽁주네 놀이터,,http://cafe.naver.com/ggongjuplayground/5047
탕후루,2016,2월 1주차 식음료 신제품 정보,의아하지만 <b>2016</b>년이 10년전이라니 엄청난 쇼크입니다 아 늙기싫다 세븐일레븐 샤빠딸 샌드 요즘 과일샌드 이거저거 섞는게 유행인가 뭔가 <b>탕후루</b> 같은 컬러풀한 샌드위치들이 많이 보입니다 CU 이석원 명장빵 흑백콜라보... ,버튜버 숨끼의 팬카페 - 에어로크(Air...,,http://cafe.naver.com/soomkki/6017
탕후루,2016,[2월 1주 차 식음료 주요 신제품 정보] 한솥 치킨난반 덮밥 &amp; 버거킹 크리스퍼 리뉴얼 등,의아하지만 <b>2016</b>년이 10년전이라니 엄청난 쇼크입니다 아 늙기싫다 세븐일레븐 샤빠딸 샌드 요즘 과일샌드 이거저거 섞는게 유행인가 뭔가 <b>탕후루</b> 같은 컬러풀한 샌드위치들이 많이 보입니다 CU 이석원 명장빵 흑백콜라보... ,서새봄 팬카페,,http://cafe.naver.com/seboming/91000
탕후루,2016,역대 두쫀쿠처럼 유행을 탔던 간식이나 음식들... 그리고 가짜뉴스,골목마다 <b>탕후루</b> 결과: 당 논란 → 일부만 생존 5️⃣ 크로플 (2020) 트리거: 와플기계 + 크루아상 현상: 카페 필수 메뉴 결과: 디저트 기본 옵션으로 정착 6️⃣ 대왕카스테라 (<b>2016</b>) 트리거: 길거리 퍼포먼스 + 가성비 현상... ,☆필차이나☆★중국의 모든것! 자유여...,,http://cafe.naver.com/feelchina/8867
탕후루,2016,한국 먹거리 유행 초간단 정리,열풍 <b>2016</b>~2017 딸기 오믈렛 → 비주얼 디저트 인기 2018~2019 앙버터 → 단짠 조합 유행 2019~2020 흑당... 약과·<b>탕후루</b> → 전통 간식 &amp; 길거리 디저트 인기 2024~2025 요거트 아이스크림 → 토핑 조합 트렌드... ,"부산행복가득한집 [부동산,분양,청약,...",,http://cafe.naver.com/ehowlckdn/32562
탕후루,2016,국내에서 유행했던 음식들의 흥망성쇠,허니버터칩 (17개월) 출시: 2014년 8월 피크아웃: <b>2016</b>년 1월 (공급 안정화) 현재: 스테디셀러 안착 2. 대만... <b>탕후루</b> (12개월) 출시: 2023년 5월 (대형 프랜차이즈화) 피크아웃: 2024년 5월 (폐업 급증) 현재: 관광지... ,금펠다운,,http://cafe.naver.com/geumpeltown/60745
탕후루,2016,"추억부터 최신까지, 디저트 유행 타임라인",오믈렛 <b>2016</b>년 9월부터 2017년 5월까지 약 9개월 유행 앙버터 2018년 3월부터 2019년 12월까지 약... 유행 <b>탕후루</b> 2023년 5월부터 2024년 5월까지 약 12개월 유행 요거트 아이스크림 2024년 3월부터 2025년... ,"부산행복가득한집 [부동산,분양,청약,...",,http://cafe.naver.com/ehowlckdn/32449
탕후루,2016,"[대전 긴급 업데이트 NO.101] 놓치면 후회! 메인상권,핵심입지,무권리,공실 임대다량! 상가*사무실*공장*창...","사용승인: <b>2016</b>년09월23일 용도: 제1종근린생활시설 주차: 2대 이상 가능 입주가능일: 즉시 가능 관리비: 건물... 무인라면, 컵밥, 도시락, <b>탕후루</b>, 마라탕, 전자담배 등 학생들을 타겟으로 하는 모든 업종에 강력... ",(주)정민근부동산중개법인,,http://cafe.naver.com/qazplm1980/1789
탕후루,2016,한국 역대 유행 음식,시카고피자 <b>2016</b>년 - 대만 대왕 카스테라 2017년 - 명량핫도그 2018년 - 소떡소떡 / 마카롱 2019년... 2023년 - <b>탕후루</b> / 먹태깡 2024년 - 요아정 2025년 - 말차류 / 깐부치킨 2026년 - 두쫀쿠 여기 중에 요즘도 먹는... ,검은수염 대선단 : 윤가놈 윤진석 카페,,http://cafe.naver.com/yunzinseok/83840
탕후루,2016,《겜잡식》 프레임 향상하고 싶으면 DLC를 구매해라? 가열차지는 게임업계의 반 AI 분위기 외,"워낙 선조격 버튜버 키즈나 아이(<b>2016</b>년 데뷔)를 모르는 사람들은, &quot;포트나이트가 AI 콘텐츠를 게임에... 그런데 개고기 <b>탕후루</b> 별명이 있던 NC와 후타 밈이 있던 프로젝트 KV가 만났으니… 소니, PS 스토어에서 대량의... ",무적풍화륜 소통카페,,http://cafe.naver.com/moopung/339347
탕후루,2016,"《겜잡식》 가열차지는 게임업계의 반 AI 분위기, 프레임 향상하고 싶으면 DLC를 구매해라?","워낙 선조격 버튜버 키즈나 아이(<b>2016</b>년 데뷔)를 모르는 사람들은, &quot;포트나이트가 AI 콘텐츠를 게임에... 그런데 개고기 <b>탕후루</b> 별명이 있던 NC와 후타 밈이 있던 프로젝트 KV가 만났으니… 소니, PS 스토어에서 대량의... ",우리듀리,,http://cafe.naver.com/durigame/13135
탕후루,2016,유행 품목별 생애 주기 정리표 (두쫀드기),허니버터칩 생애 주기: 약 17개월 출시: 2014년 8월 피크아웃: <b>2016</b>년 1월 (공급 안정화 시점) 초기에는 품귀... <b>탕후루</b> 생애 주기: 약 12개월 출시: 2023년 5월 피크아웃: 2024년 5월 프랜차이즈 급확장 이후 폐업 급증.... ,"오늘도 장사합니다 (자영업자,소상공인...",,http://cafe.naver.com/sex2282/35720
탕후루,2016,두쫀쿠 조만간 <b>탕후루</b>처럼 유행 끝난다 vs 아니다 오래간다,이미 오래되긴했는데 이 유행 올해 하반기까지 갈까요? 두바이쫀득송편까진 무난할거 같은데 과연 여름을 넘길수있을까요?,아프니까 사장이다 [소상공인·자영업...,,http://cafe.naver.com/jihosoccer123/3533608
탕후루,2016,"2023년, 지겹던 팬데믹 끝나고 처음 심천 갔던 날.",우측은 <b>2016</b>년에 찍은 지하철맵입니다. 광동성 음식은 기본적으로 홍콩 로컬음식과 큰 차이가 없고 물론... 길거리 <b>탕후루</b> 아재도 알리페이 같은 QR스캔으로 판매합니다. 모바일페이가 고도로 발달하다보니 대륙... ,"[중여커] 중국여행, 대만여행, 홍콩여...",,http://cafe.naver.com/chinatripatoz/13054
탕후루,2016,유행 품목별 생애 주기 (출시일순),유행 품목별 생애 주기 (출시일순) 1️⃣ 허니버터칩 (17개월) 출시: 2014년 8월 피크아웃: <b>2016</b>년 1월... 6️⃣ <b>탕후루</b> (12개월) 출시: 2023년 5월 (대형 프랜차이즈 확장) 피크아웃: 2024년 5월 (폐업 급증기) 상태... ,"천안아산부동산홈즈 [분양,청약,부동산...",,http://cafe.naver.com/glflt1/104331
탕후루,2016,[ 2026년 1월 12일(월) 프랜차이즈 뉴스 ],유엔 식량농업기구(FAO)가 9일(현지 시간) 발표한 지난해 12월 기준 세계식량가격지수(2014∼<b>2016</b>년 평균 가... ‘두쫀쿠’ 오픈런에 품절대란…“하나 사서 친구와 반 나눠 먹었다” <b>탕후루</b>·개성주악 잇는... ,창업 알고하면 성공한다,,http://cafe.naver.com/sbiznews/13534
탕후루,2016,&lt;1월 월세릴레이&gt; 10일째 월세 22만원!! 쉼터생활 10년째.. 승일이에게 햇볕은 한줌뿐이지만 이모삼촌들의 ...,난 <b>2016</b>년에 1살나이로 이곳에 왔어요.. 난 잡히지 않으려고 열심히 도망다니고 피해다녔어요.. 잡히면 어떻게... 오래 살고 보니 피자도 먹어보고 <b>탕후루</b>도 먹어봤어요.. 날 보러 와줘서 넘 고마워요~ 추운 겨울이면 따순... ,행동하는 동물 사랑,,http://cafe.naver.com/pajupetlove/130833
탕후루,2016,저질체력 가족과 함께 한 4박5일 타이중 여행후기,"<b>2016</b>년 설립된 세계9대 랜드마크 건축물 중 하나라고 합니다. 건물 옥상을 이쁘게 꾸며놔서 옥상가서 다른... 스테이크, <b>탕후루</b>, 이름모를 매운 국물에 고기꼬치 채소꼬치 등 골라 넣어 먹는 음식 등등 많이... ",즐거운 대만여행~♬,,http://cafe.naver.com/taiwantour/1129821
탕후루,2016,「 좀비고 용어 사전 」 -벌서스,"진행 (<b>2016</b> - 인간이 모두 좀비 모습으로 변함, 보스 일러스트 변환, 구매 안 되는 10가스짜리 밸런스 붕괴... 제로 <b>탕후루</b>, 전방 눈사람 밀집 구간입니다, 2라 맵: 우박 주의보, 부웅~ 어? 빵!, 오락가락 담벼락, 스노우... ",좀비 고등학교 모바일,,http://cafe.naver.com/onimobile/16904226
탕후루,2016,"[대전 긴급 업데이트 NO.95] 놓치면 후회! 메인상권,핵심입지,무권리,공실 임대다량! 상가*사무실*공장*창고...","무인라면, 컵밥, 도시락, <b>탕후루</b>, 마라탕, 전자담배 등 학생들을 타겟으로 하는 모든 업종에 강력... 사용승인: <b>2016</b>년06월22일 용도: 제1종근린생활시설, 주택 주차: 6대 가능, 주변 주차편함 입주가능일: 협의 입주... ",(주)정민근부동산중개법인,,http://cafe.naver.com/qazplm1980/1758
탕후루,2016,---최신글 확인---,05 <b>2016</b>원숭이따라와 0.1 따라와 왕관풍선 0.03 안녕펭귄특효 0.05 썸앤쌈특효 0.03 고양이풍선따라와 0.... 05 <b>탕후루</b>따라와 0.1 책보따리 0.1 로켓부스터 0.02 배찌 개굴구리(멀옷) 0.15 서커스무대배셋(배깃효)... ,크아인 아이템 거래 카페,,http://cafe.naver.com/9tys/8939892
탕후루,2016,"[대전 긴급 업데이트 NO.94] 놓치면 후회! 메인상권,핵심입지,무권리,공실 임대다량! 상가*사무실*공장*창고...","무인라면, 컵밥, 도시락, <b>탕후루</b>, 마라탕, 전자담배 등 학생들을 타겟으로 하는 모든 업종에 강력... 사용승인: <b>2016</b>년06월22일 용도: 제1종근린생활시설, 주택 주차: 6대 가능, 주변 주차편함 입주가능일: 협의 입주... ",(주)정민근부동산중개법인,,http://cafe.naver.com/qazplm1980/1753
탕후루,2016,---최신글 확인---,05 <b>2016</b>원숭이따라와 0.1 따라와 왕관풍선 0.03 안녕펭귄특효 0.05 썸앤쌈특효 0.03 고양이풍선따라와 0.... 05 <b>탕후루</b>따라와 0.1 책보따리 0.1 로켓부스터 0.02 배찌 개굴구리(멀옷) 0.15 배찌 팬더멀 0.05... ,크아인 아이템 거래 카페,,http://cafe.naver.com/9tys/8924473
탕후루,2016,맛있는 누룽지~~드셔 보셨어요?,"쥬시, <b>2016</b>년 대만 대왕카스테라, 2017년 명랑핫도그, 2018년 소떡소떡 중국당면, 2019년 마라탕, 2021년 달고나, 2022년 포켓몬빵, 2023년 <b>탕후루</b>, 2024년 요아정, 2025년? 약과쿠키? 저는 요녀석입니다. '누룽지 POP... ",하나님의교회 ♡ 어머니의 소원,,http://cafe.naver.com/hope1009/65355
탕후루,2016,"[대전 긴급 업데이트 NO.93] 놓치면 후회! 메인상권,핵심입지,무권리,공실 임대다량! 상가*사무실*공장*창고...","사용승인: <b>2016</b>년06월22일 용도: 제1종근린생활시설, 주택 주차: 6대 가능, 주변 주차편함 입주가능일: 협의... 무인라면, 컵밥, 도시락, <b>탕후루</b>, 마라탕, 전자담배 등 학생들을 타겟으로 하는 모든 업종에 강력... ",(주)정민근부동산중개법인,,http://cafe.naver.com/qazplm1980/1748
탕후루,2016,주제 추가 요청 - 붕괴3rd,":: 붕괴3rd는 <b>2016</b>년도에 출시하여 내년에 10주년을 맞이하는, 오래됐다면 오래되었다고 할 수 있는 게임입니다.... 천궁의자비 <b>탕후루</b>소녀 석양이지는바닷가 학원탐정 처형복반본초 처형복반본초조각 혈기사월황... ",끄투코리아 공식카페,,http://cafe.naver.com/kkutukorea/133682
탕후루,2016,"[대전 긴급 업데이트 NO.92] 놓치면 후회! 메인상권,핵심입지,무권리,공실 임대다량! 상가*사무실*공장*창고...","사용승인: <b>2016</b>년06월22일 용도: 제1종근린생활시설, 주택 주차: 6대 가능, 주변 주차편함 입주가능일: 협의... 무인라면, 컵밥, 도시락, <b>탕후루</b>, 마라탕, 전자담배 등 학생들을 타겟으로 하는 모든 업종에 강력... ",(주)정민근부동산중개법인,,http://cafe.naver.com/qazplm1980/1744
탕후루,2016,"[대전 긴급 업데이트 NO.91] 놓치면 후회! 메인상권,핵심입지,무권리,공실 임대다량! 상가*사무실*공장*창고...","사용승인: <b>2016</b>년09월23일 용도: 제1종근린생활시설 주차: 2대 이상 가능 입주가능일: 즉시 가능 관리비: 건물... 무인라면, 컵밥, 도시락, <b>탕후루</b>, 마라탕, 전자담배 등 학생들을 타겟으로 하는 모든 업종에 강력... ",(주)정민근부동산중개법인,,http://cafe.naver.com/qazplm1980/1739
탕후루,2016,"[대전 긴급 업데이트 NO.90] 놓치면 후회! 메인상권,핵심입지,무권리,공실 임대다량! 상가*사무실*공장*창고...","사용승인: <b>2016</b>년09월23일 용도: 제1종근린생활시설 주차: 2대 이상 가능 입주가능일: 즉시 가능 관리비: 건물... 무인라면, 컵밥, 도시락, <b>탕후루</b>, 마라탕, 전자담배 등 학생들을 타겟으로 하는 모든 업종에 강력... ",(주)정민근부동산중개법인,,http://cafe.naver.com/qazplm1980/1735
탕후루,2016,"[대전 긴급 업데이트 NO.89] 놓치면 후회! 메인상권,핵심입지,무권리,공실 임대다량! 상가*사무실*공장*창고...","사용승인: <b>2016</b>년09월23일 용도: 제1종근린생활시설 주차: 2대 이상 가능 입주가능일: 즉시 가능 관리비: 건물... 무인라면, 컵밥, 도시락, <b>탕후루</b>, 마라탕, 전자담배 등 학생들을 타겟으로 하는 모든 업종에 강력... ",(주)정민근부동산중개법인,,http://cafe.naver.com/qazplm1980/1731
탕후루,2016,"[대전 긴급 업데이트 NO.88] 놓치면 후회! 메인상권,핵심입지,무권리,공실 임대다량! 상가*사무실*공장*창고...","사용승인: <b>2016</b>년09월23일 용도: 제1종근린생활시설 주차: 2대 이상 가능 입주가능일: 즉시 가능 관리비: 건물... 무인라면, 컵밥, 도시락, <b>탕후루</b>, 마라탕, 전자담배 등 학생들을 타겟으로 하는 모든 업종에 강력... ",(주)정민근부동산중개법인,,http://cafe.naver.com/qazplm1980/1727
탕후루,2016,"[대전 긴급 업데이트 NO.87] 놓치면 후회! 메인상권,핵심입지,무권리,공실 임대다량! 상가*사무실*공장*창고...","무인라면, 컵밥, 도시락, <b>탕후루</b>, 마라탕, 전자담배 등 학생들을 타겟으로 하는 모든 업종에 강력... 사용승인: <b>2016</b>년09월23일 용도: 제1종근린생활시설 주차: 2대 이상 가능 입주가능일: 즉시 가능 관리비: 건물 내규에... ",(주)정민근부동산중개법인,,http://cafe.naver.com/qazplm1980/1723
탕후루,2016,강남구에서 최초의 세계 청소년 백일장이 열리네요~,"2007년생부터 <b>2016</b>년생까지(9세~18세) 국내외 모든 청소년이 참여 대상입니다. 현장에서 공개되는 주제에 맞춰... 꼬치구이, <b>탕후루</b> 같은 간식 1,300인분을 무료로 제공하는 푸드트럭도 운영된다고 하니 놓치지 마세요... ",강남엄마 VS 목동엄마 ★ 베스트맘 따...,,http://cafe.naver.com/gangmok/1997861
탕후루,2016,"[대전 긴급 업데이트 NO.86] 놓치면 후회! 메인상권,핵심입지,무권리,공실 임대다량! 상가*사무실*공장*창고...","무인라면, 컵밥, 도시락, <b>탕후루</b>, 마라탕, 전자담배 등 학생들을 타겟으로 하는 모든 업종에 강력... 사용승인: <b>2016</b>년09월23일 용도: 제1종근린생활시설 주차: 2대 이상 가능 입주가능일: 즉시 가능 관리비: 건물 내규에... ",(주)정민근부동산중개법인,,http://cafe.naver.com/qazplm1980/1719
탕후루,2016,"[대전 긴급 업데이트 NO.85] 놓치면 후회! 메인상권,핵심입지,무권리,공실 임대다량! 상가*사무실*공장*창고...","무인라면, 컵밥, 도시락, <b>탕후루</b>, 마라탕, 전자담배 등 학생들을 타겟으로 하는 모든 업종에 강력... 사용승인: <b>2016</b>년09월23일 용도: 제1종근린생활시설 주차: 2대 이상 가능 입주가능일: 즉시 가능 관리비: 건물 내규에... ",(주)정민근부동산중개법인,,http://cafe.naver.com/qazplm1980/1716
탕후루,2016,---최신글 확인---,05 <b>2016</b>원숭이따라와 0.1 따라와 왕관풍선 0.03 안녕펭귄특효 0.05 썸앤쌈특효 0.03 고양이풍선따라와 0.... 05 <b>탕후루</b>따라와 0.1 용용따라와 0.15 책보따리 0.1 로켓부스터 0.02 배찌 개굴구리(멀옷) 0.15 럭마... ,크아인 아이템 거래 카페,,http://cafe.naver.com/9tys/8869493
탕후루,2016,"[대전 긴급 업데이트 NO.84] 놓치면 후회! 메인상권,핵심입지,무권리,공실 임대다량! 상가*사무실*공장*창고...","무인라면, 컵밥, 도시락, <b>탕후루</b>, 마라탕, 전자담배 등 학생들을 타겟으로 하는 모든 업종에 강력... 사용승인: <b>2016</b>년09월23일 용도: 제1종근린생활시설 주차: 2대 이상 가능 입주가능일: 즉시 가능 관리비: 건물 내규에... ",(주)정민근부동산중개법인,,http://cafe.naver.com/qazplm1980/1712
탕후루,2016,크아컴 10월 시세표,2⇅ 슈띠풍/금댕풍/하리풍/사과<b>탕후루</b>풍 /편의점라면풍 /핑크티팟풍 /저주인형풍/겨울나라인형풍... 파이어링/<b>2016</b>원숭/구미호따라와/샤워기따라와/붉은닭따라와/하얀소따라와/스마일따라와/게자리따라와... ,크레이지아케이드 커뮤니티 - 크아컴 ...,,http://cafe.naver.com/cacomcafe/37600
탕후루,2016,---최신글 확인---,05 <b>2016</b>원숭이따라와 0.1 따라와 왕관풍선 0.03 안녕펭귄특효 0.05 썸앤쌈특효 0.03 고양이풍선따라와 0.... 05 <b>탕후루</b>따라와 0.1 용용따라와 0.15 책보따리 0.1 로켓부스터 0.02 럭다 웨딩신랑 턱시도+웨딩신랑... ,크아인 아이템 거래 카페,,http://cafe.naver.com/9tys/8848167
탕후루,2016,---최신글 확인---,05 <b>2016</b>원숭이따라와 0.1 따라와 왕관풍선 0.03 안녕펭귄특효 0.05 썸앤쌈특효 0.03 고양이풍선따라와 0.... 05 <b>탕후루</b>따라와 0.1 용용따라와 0.15 책보따리 0.1 로켓부스터 0.02 럭다 웨딩신랑 턱시도 0.07 배찌... ,크아인 아이템 거래 카페,,http://cafe.naver.com/9tys/8844637
탕후루,2016,어느년도 쿠키들이 맘에 드시나요,"(물론 카쿠는 업뎃중단이 길긴 했지만) 모아보면 추억이 새록새록 돋고 가슴이 웅?장해지실 겁니다 &lt; <b>2016</b>년... &lt; 2024년 &gt; 감귤<b>탕후루</b>맛 쿠키, 구운달걀맛 쿠키, 초코바맛 쿠키, 버터오징어맛 쿠키, 슈니발렌맛 쿠키... ",쿠키런: 오븐브레이크 공식 카페,,http://cafe.naver.com/cookierunofficial/536034
탕후루,2016,<b>2016</b>년에도 존재했다는 마라<b>탕후루</b> 댄스.Shorts,※ 상기 유머방 규정 숙지 및 참여 부탁합니다. 그것은 바로 ‘뱅뱅뱅 수정전 안무’,●디젤매니아● 대한민국 일등 패션 커...,,http://cafe.naver.com/dieselmania/46199954
탕후루,2016,저탄고지가 산업화가 힘든 이유,<b>2016</b>년 지방의 누명 이후 제가 10군데 이상의 방송에 출연해서 저탄고지를 알리려 노력했지만 대부분 방송에서... 마라<b>탕후루</b>와 두바이초콜릿으러 대변되는 전세계에서 가장 달달한 식문화로 넘어가고 있더군요. 이렇게... ,뇌를 깨우는 키토제닉 다이어트,,http://cafe.naver.com/brkd/31961
탕후루,2016,[앱 상품]캔암스파이더F3-S 구변완/할부가능/대차가능,"정교한<b>탕후루</b>바람 상품 상세 대차는 티맥스560 , w800 일단 하자는 정품 사이드 박스 키분실 &lt;키 맞춰야 함&gt; / 전구 나간게 전부입니다.&lt;나왔다 안나왔다 함, 알리에서 개당2만원에 판매&gt; 캔암스파이더 F3-S <b>2016</b>년식 63.... ",중고나라,,http://cafe.naver.com/joonggonara/1111950987
탕후루,2016,[보틀즈] 벤리악 16년 테이스팅,벤리악 16년 테이스팅 벤리악 증류소는 2004년부터 빌리 워커 소유로 있다가 <b>2016</b>년에 브라운포맨에 회사를... 맛에서 구리와 열대 과일 <b>탕후루</b> 맛이 느껴집니다. 생각한 것보다 스모키함 또한 강조되어 놀라웠습니다.... ,위스키 코냑 클럽,,http://cafe.naver.com/whiskycognac/742992
탕후루,2016,"골프존10룸,GDR타석7개,초긴급매각 #레이저프로젝터8000안시교체#최고의해상도#편리한주차장",해상도 - <b>2016</b>년초 리모델링 - 입구부터 고급자제를 사용한 럭셔리한 인테리어와 넓고 탁 트인 카페느낌의... 왕가<b>탕후루</b>/홍익돈까스/용우동/역전우동0410/돈까스클럽/1943/뽕뜨락피자/7번가피자/파파존스/피자스쿨... ,리얼점포 상가직거래 - 매매/임대/프랜...,,http://cafe.naver.com/realjumpo/3310
탕후루,2016,크아컴 7월 시세표,2⇅ 금댕풍/하리풍/사과<b>탕후루</b>풍 /편의점라면풍 /핑크티팟풍 /저주인형풍/겨울나라인형풍 /가단풍... 좋아요특효/용용따라와/방구/버퍼링/한여번/드림캐쳐/큐티엔젤/버블버블/별샤르륵/아이스링/파이어링/<b>2016</b>원... ,크레이지아케이드 커뮤니티 - 크아컴 ...,,http://cafe.naver.com/cacomcafe/31245
탕후루,2016,리디어워즈 수상작들 정리,"대상작들 <b>2016</b> 그 여름, 나는 최수현 2017 언아더 헤븐 황유하 2018 디 포 더티 김빠 2019 로맨스 태연한 거짓말... 설<b>탕후루</b> 이북 앙상한 요람 쪼인트 풍경은 이유 없이 울지 않는다 해각 랭킹 1위를 영혼까지 털어버림... ",로망진창 - 로맨스 소설이 현생을 즐겁...,,http://cafe.naver.com/romancetime/5578
탕후루,2016,(빨간약) [장문] 중국의일국양제 홍콩사태 (혐오 주의),"마라탕, <b>탕후루</b> 같은 중국 식문화가 우리도 모르는 사이 우리나라 전지역에 퍼져나갔고 오원춘같은 중국... 국제 사회의 조사 및 증거 - <b>2016</b>년 보고서: 캐나다 전직 국회의원 데이비드 킬고어와 국제 인권 변호사... ",가재맨의 정치수용소,,http://cafe.naver.com/gajaemae/1176
탕후루,2016,[중요] 대한민국의 조용한 중국화,"마라탕, <b>탕후루</b>, 중국풍 콘텐츠, 중국 노래, 연예인, 틱톡 챌린지 같은 유행은 그 자체로 나쁜 것이 아니지만... 특히 지난 몇 년간 중국인의 한국 부동산 매입 건수는 크게 증가하여, <b>2016</b>년 12월 대비 2023년 상반기 기준 3배... ",노노데모(우리가 만들어가는 대한민국...,,http://cafe.naver.com/nonodemo/345928
탕후루,2016,"[식단] 혈당스파이크, 도대체 뭘까? 1탄","(혈당 조절 원리와 위험성을 중심으로) PART 1 <b>탕후루</b>, 밤티라미수, 두바이 초콜릿 등 대한민국은 단... <b>2016</b> Mar 11;48(3):1–19. Available from: https://www.ncbi.nlm.nih.gov/pmc/articles/PMC4892884/ [2] Adams SH, Stanhope KL, Grant RW... ","국내 최대 피트니스 카페 (헬스,러닝,...",,http://cafe.naver.com/formsunmyeong/1048611
탕후루,2016,[우매령-추앙관동] 나 자신을 이기는 방법,"마침내 <b>2016</b>년도에 『아버지와 <b>탕후루</b>』라는 수필집을 발간하였다. 이 책이 그해의 ‘세종도서 문학나눔’으로 선정되는 영광을 안았다. 2019년 12월, 나는 겨울 방학을 앞두고 우리 학교 교수님을 모시고 한국으로 출장을... ",통큰자유,,http://cafe.naver.com/tongkn/29889
탕후루,2016,[ 2025년 4월 3일 (목) 프랜차이즈 뉴스 ],"지속 <b>2016</b>년부터 9년 연속 '완전 자본잠식'…&quot;커피시장 포화에 반등 쉽지 않을 듯&quot; 1세대 토종 커피... 카스테라, 핫도그, <b>탕후루</b> 등 유행따라 생기고 사라지는 프 n.news.naver.com 27. 배달앱에서 양념치킨 주문하니... ",창업 알고하면 성공한다,,http://cafe.naver.com/sbiznews/12234
탕후루,2016,제가 4년전 저탄고지 관련 대외활동을 접고 잠수를 타게 된 이유...,"아시는 분은 아시겠지만 <b>2016</b>년 지방의 누명 자문 이후부터 방송부터 시작해서 2020년 코로나 초기까지 전국을... 그런데, 햇빛이 강해질수록 그림자가 짙어진다고 하듯 저탄고지를 알리려고 할수록, <b>탕후루</b> 유행처럼... ",뇌를 깨우는 키토제닉 다이어트,,http://cafe.naver.com/brkd/25917
탕후루,2016,크아컴 4월 시세표,2⇅ 금댕풍/하리풍/사과<b>탕후루</b>풍 /편의점라면풍 /핑크티팟풍 /저주인형풍/겨울나라인형풍 /가단풍... 좋아요특효/용용따라와/방구/버퍼링/한여번/드림캐쳐/큐티엔젤/버블버블/별샤르륵/아이스링/파이어링/<b>2016</b>원숭... ,크레이지아케이드 커뮤니티 - 크아컴 ...,,http://cafe.naver.com/cacomcafe/21135
탕후루,2016,사모펀드는 왜 F&amp;B 프랜차이즈를 사랑할까,"지난해 유행한 두바이초콜릿, 요아정, <b>탕후루</b> 등은 유행이 지났다. 유행에 민감하지 않고 주기적으로... 버거킹은 <b>2016</b>년 홍콩 사모펀드 어피너티에쿼티파트너스가 2100억원에 사들인 뒤 2021년 재매각을 추진했으나 M&amp;A... ",소상대 - 청년창업 소상공인 자영업자...,,http://cafe.naver.com/androphone/511419
탕후루,2016,크아컴 3월 시세표,2⇅ 금댕풍/하리풍/사과<b>탕후루</b>풍 /편의점라면풍 /핑크티팟풍 /저주인형풍/겨울나라인형풍 /가단풍... 좋아요특효/용용따라와/방구/버퍼링/한여번/드림캐쳐/큐티엔젤/버블버블/별샤르륵/아이스링/파이어링/<b>2016</b>원숭... ,크레이지아케이드 커뮤니티 - 크아컴 ...,,http://cafe.naver.com/cacomcafe/16095
탕후루,2016,년도별 유행했던 음식,2014-허니버터칩 2015-쥬씨 <b>2016</b>-대왕카스테라 2017-명량핫도그 2018-소떡소떡 2019-마라탕 2020-달고나커피 2021-로제떡볶이 2022-포켓몬빵 2023-<b>탕후루</b> 2024-두바이초콜릿 이렇게보니 허니버터가... ,THOME 톰 더글로우 공식 카페ㅣ국내 1...,,http://cafe.naver.com/clickg/50704
탕후루,2016,"[콘텐츠&amp;피플] 박창우 순이엔티 대표, “숏폼, 깊이 있는 스토리로 진화해야…AI·숏폼드라마가 경쟁력”","숏폼에서 미드폼, 커머스까지… 사업 다각화 성과<b>2016</b>년 공연기획자 출신 박창우 대표가 설립한 순이엔티는... 통해 '마라<b>탕후루</b>' 커버 콘텐츠 등 화제를 모았다. 또한 마드리드 관광청 아시아 홍보대행을 2년 연속... ",전통예술 소통소,,http://cafe.naver.com/arttraditional/16163
탕후루,2016,"3월 시세표 1차 (물풍.배셋,ID치장.날개,특효.이모션) 참고용",3 ↕ 사과<b>탕후루</b>풍 0.25 ↕ 편의점라면풍 0.25 ↕ 핑크티팟풍 0.25 ↕ 저주인형풍 0.25... 1 ↕ <b>2016</b>원숭이 0.1 ↕ 구미호따라와 0.1 ↕ 샤워기따라와 0.1 ↕ 붉은닭따라와 0.1 ↕ 하얀소따라와 0.1... ,크아인 - 크레이지아케이드 대표 커뮤...,,http://cafe.naver.com/caincafe/769788
탕후루,2016,유행음식 리스트,"시카고피자 <b>2016</b>년 대왕카스테라 2017년 명랑 핫도그 2018년 소떡소떡, 마카롱 2019년 마라탕, 크로플 2020년 앙버터 호두과자 2021년 로제 떡볶이, 묵은지 찜닭 2022년 소금빵 2023년 <b>탕후루</b>, 약과, 먹태깡, 두바이초콜릿 2024년... ",자영업자의 쉼터 [장사의신·소상공인...,,http://cafe.naver.com/jangsin1004/388642
탕후루,2016,연도별 유행 음식! since 2011,"(생과일주스) <b>2016</b> 대만식 대왕카스테라 2017 명랑핫도그 2018 소떡소떡 2019 마라탕 2020 달고나음료 2021 로제소스, 크로폴 2022 소금빵 2023 <b>탕후루</b>, 하이볼 2024 요아정, 두바이초콜릿 이렇게 보니까... ",최현우의 후뿌뿌뿌：마술사 최현우 공...,,http://cafe.naver.com/hupupupu/876
탕후루,2016,그때 그시절 대한민국 경제를 책임진 유행 음식,"피자 <b>2016</b>년-대왕 카스테라, 엉터리 생고기 2017년-명랑 핫도그 2018년-소떡소떡, 마카롱 2019년-마라탕, 흑당... 2023년-<b>탕후루</b>, 먹태깡, 약과 2024년-요아정, 크루키 25년은.. 하단 지우지마세용 ⭐자영업자의 쉼터 [장사의신... ",자영업자의 쉼터 [장사의신·소상공인...,,http://cafe.naver.com/jangsin1004/386549
탕후루,2016,"그때 그 시절, 대한민국 경제를 책임진 유행 음식","2015 - 쥬씨, 시카고피자 <b>2016</b> - 대왕 카스테라, 엉터리 생고기 2017 - 명랑 핫도그 이 메뉴이름 뭐였더라... 2023 - <b>탕후루</b>, 먹태깡, 약과 전설의 <b>탕후루</b> 반입금지 안내문 2024 - 요아정, 크루키 이것저것 추가하면... ",쿠허브KuHub,,http://cafe.naver.com/kuhub/69418
탕후루,2016,[갓생 6기] 0107/졍,"음악·드라마·예능 등 K콘텐츠의 인기가 뷰티, 패션 등 K라이프스타일로 확산됨에 따라 올리브영은 <b>2016</b>년... 있는 ‘<b>탕후루</b> 틴트’와 ‘틴토리 잼’, 하이라이터 상품인 ‘하트라이터’ 등을 전시했다. 보이그룹... ",디깅커리어 (대기업 현직자와 함께하는...,,http://cafe.naver.com/diggingcareer/1006
탕후루,2016,[ 2024년 12월 26일 (목) 프랜차이즈 뉴스 ],"더 '타격' <b>2016</b>년 탄핵 정국 소비자 경기 전망 5개월 연속 '부정 전망' '눈치 보여서'…모임은 독립된... <b>탕후루</b> 줄폐업에도…日 ‘캔디 애플’, 성공할까 [푸드360] 이달 서울 성수동에 韓 1호점 매장 열고 운영 중... ",창업 알고하면 성공한다,,http://cafe.naver.com/sbiznews/11770
탕후루,2016,14.0)스테이지 상세 난이도 모음 [1.1~6.2],퍼레이드 - <b>2016</b>년: ① 제1부 히스토리 퍼레이드 - <b>2016</b>년: ② 새해 복 강습! - 토끼의 해 Lv.3 第1章... 발치 <b>탕후루</b> 제2부 적 군단 행진 - 2014년 데뷔 첫번째 밤: 일하는 냥타클로스 - 순록노조 총파업 Weekend ~고백 리벤지... ,키모카와 - 냥코대전쟁 커뮤니티 카페,,http://cafe.naver.com/kimokawa/463459
탕후루,2016,풀빛 호박팟에 스트렙토카르푸스 ZM 제프리카,<b>탕후루</b>를 좋아하지는 않지만 아주 달콤한 느낌이 듭니다. 특히나 이번 풀빛들은 컬러가 아주 잘 나와서 더... by D E A R M Y P O T for your garden ____________________ 식물을 담는 그릇 '디어마이팟' 수제팟 &amp; 가드닝 오브제 SINCE <b>2016</b>,디어마이팟,,http://cafe.naver.com/dearmypot/70198
탕후루,2016,첨단기술 쏙쏙 빼가더니…<b>탕후루</b> 막대기처럼 버렸다,A씨는 지난 <b>2016</b>년 10월 CXMT에 5년 계약으로 입사했다가 3년6개월만에 퇴사를 강요받고 쫓겨났다. 이후 기술 유출자로 낙인찍혀 우리나라로 귀국하지 못하고 인근 지역의 회사 3곳에서 일한 것으로 전해진다.... ,"전기차동호회-아이오닉5 6 9,EV3 EV4 ...",,http://cafe.naver.com/allfm01/1620952
탕후루,2016,[싸비] 독 &quot;머니트렌드 2025&quot;,"<b>탕후루</b>도, 두바이 초콜릿도 지속되는 트렌드가 아닌 일시적인 유행이다. 과거 약과, 달고나, 대만 카스테라... 알파고가 이세돌을 이겼던 <b>2016</b>년에도 AI가 세상을 바꿀 것이라고 떠들썩했지만 자본은 움직이지 않았다.... ",월급쟁이부자들 (직장인 재테크 부동산...,,http://cafe.naver.com/wecando7/11330025
탕후루,2016,기능적 의사소통 훈련 과제 1,"*이름 : 신라희 *성별 : 여 *나이 : 만 8세 (<b>2016</b>년생) 특수학교 2학년 *장애유형 : 자폐성 장애 중증 진단 *현재... 초코마카롱, <b>탕후루</b>, 에그타르트, 초콜릿머핀, 초코쿠키, 팝콘, 마이쮸, 젤리, 감자튀김, 사과, 바나나, 귤... ","느리게 걷는 방법 (pecs,aac,자폐스펙...",,http://cafe.naver.com/asdok/1236
탕후루,2016,[ 2024년 10월 11일(금) 프랜차이즈 뉴스 ],편의점 김밥은 날아올랐다 '김천' 줄고 '편김' 늘고 통계청에 따르면 지난 <b>2016</b>년 4만1726개던 김밥집 수는... 요아정·두바이 초콜릿 먹어봤습니다 - 아시아에이 [아시아에이=이준호·이수현 기자] <b>탕후루</b>부터... ,창업 알고하면 성공한다,,http://cafe.naver.com/sbiznews/11438
탕후루,2016,2023년 통영 숩례(3) 계절과 빈스타그램 치열했던 레이스,마침 <b>2016</b> 수빈님이 지나가신 길이었던 우연이! 쉼터에서 미래사 쪽으로 조금만 가면 숲속으로 가는 좁은... 어려운 <b>탕후루</b>. 먹은 팬님들도 반응이 그랬어요. 저는 바나나머랭쿠키로 대신 ㅎㅎ 마지막으로 근처 바닷가를... ,수빈인러브 - 배우 채수빈 네이버 팬카...,,http://cafe.naver.com/soobininlove/779
탕후루,2016,"모모랜드 낸시, 화이트 룩에 블루 셔츠 툭…'실패 없는 조합'","공개된 사진 속 낸시는 <b>탕후루</b>를 손에 든 채 포즈를 취하고 있다. 낸시는 깔끔한 민무늬 화이트 티셔츠와... 한편, 낸시는 <b>2016</b>년 11월 그룹 모모랜드로 데뷔해 '뿜뿜' '어마어마해' 등의 히트곡으로 사랑을 받았다. 지난해... ",inthepouch [인더파우치],,http://cafe.naver.com/inthepouchcommunity/16152
탕후루,2016,"연예인, 인플루언서 분들이 찾는 치아 성형? 무삭제 라미네이트 '블랙필름'","2D치과 Since <b>2016</b>. 안녕하세요. 무삭제 라미네이트 블랙필름과 앞니 부분 교정진료를 토대로 앞니 심미... 블랙필름 부착후에는 일상생활도 가능하고 <b>탕후루</b> 같은 딱딱한 음식도! 커피, 카레, 와인과 같이 치아가... ",'우리연기할래' 정보나눔카페 - 배우오...,,http://cafe.naver.com/cktmdduf/416473
탕후루,2016,[ 2024년 9월 18일(수) 프랜차이즈 뉴스 ],16일 통계청에 따르면 <b>2016</b>년 4만1726개에서 2020년 4만8822개로 꾸준히 www.thepublic.kr 굽네치킨 오븐 요리... 왜 새로운 맛에 열광하나?…대만카스테라-<b>탕후루</b> 잇는 요아정 열풍 뜯어보니 400억원 매각된 브랜드 요아정... ,창업 알고하면 성공한다,,http://cafe.naver.com/sbiznews/11340
탕후루,2016,2010년~2024년 역대 유행음식 총 정리,"피자 <b>2016</b> - 대왕 카스테라, 엉터리 생고기 2017 - 감자 핫도그 2018 - 소떡소떡, 뚱카롱 2019 - 마라탕... 2023 - <b>탕후루</b>, 먹태깡, 약과(개성주악) 2024 - 요아정, 크루키(크로와상 + 쿠키) 두바이 초콜릿이 빠져있네",쿠챠,,http://cafe.naver.com/qoocha/438
탕후루,2016,타입슬립,2는 (2022년 출시) 오버워치는 <b>2016</b>년에 출시가 되었다. :출처 나무위키 이 2개만 해도 엄청나다 <b>탕후루</b>도 2019년정도? 코로나때 유행했던걸로 앎. 이로서 시간은 우리가 가늠할수없을정도로 빠르다는걸 증명하였다.,로블록스 배드워즈 카페,,http://cafe.naver.com/orangewum62/15557
탕후루,2016,모임후기_34기 김상준_뒤틀린 어둠의 원영적 사고,"표정에만 주목해주세요 # 이해할 수 없는 트렌드, 그러나 이해해야만 하는 <b>탕후루</b>가 유행했을 당시, 아는... 34기 1차 PT 주제인 아웃백도 자료조사를 해보니, 국내사모투자펀드 운용사 스카이레이크에쿼티파트너스가 <b>2016</b>... ",마케팅 커뮤니케이션 동아리 HellioN,,http://cafe.naver.com/marketinghellion/18945
탕후루,2016,2010년~2024년 역대 유행음식 총정리.jpg,"<b>2016</b> 대왕카스테라 , 엉터리생고기 2017 감자 핫도그 2018 소떡소떡 , 뚱카롱 2019 마라탕 흑당버블티 크로플 2020 달고나커피 호두과자 2021 로제떡볶이 , 묵은지닭도리탕 2022 소금빵 , 포켓몬빵 2023 <b>탕후루</b>... ",박나나와 나붕이들,,http://cafe.naver.com/parknana/13012
탕후루,2016,여의도 더현대 백화점 창업 입점 정보,"<b>2016</b>년부터 5년간 준비해온 중요한 역점 사업으로 현대가 파크원에 임차한 점포인데요, 오픈 1년만에 매출... 추천키워드] 무인사진관/왕가네<b>탕후루</b>/인생네컷/컴포즈커피/메가커피창업비용/맘스터치/명랑핫도그/본죽... ",창업여기어때-특수상권커피양도양수무...,,http://cafe.naver.com/ded156/933
탕후루,2016,※스포가 담긴 주관적 개소리뷰 19편※ ㄷㄱㄹㅍ 1,"개고기 <b>탕후루</b> 그 자체 ㅋㅋㅋㅋㅋ 금일 오전 10시, NC발에서 개발한 서브컬쳐가 아닌 서브컬쳐 호연이... 단간론파 -희망의 학원과 절망의 고교생- 장르- 추리 출시- <b>2016</b>년 2월 18일(스팀 기준) 한국어 지원- 비공식 자막 지원... ",[집뮤니티] 유튜버 집마 홀릭이 만든 ...,,http://cafe.naver.com/zipmunity/2314
