keyword,year,title,description,pubDate,originallink,link
탕후루,2026.0,"신혜선 VS 임지연, '보는 재미' 보장하는 '믿보배' 여왕들 [탑티어]","<b>2016</b>년 KBS 주말극 '아이가 다섯', SBS '푸른 바다의 전설'을 거쳐 2017년 tvN '비밀의 숲'의 영은수 역으로 얼굴을... 구슬 아이스크림, 과일 <b>탕후루</b>, 꽈배기와 도너츠 등을 무서운 기세로 먹어치운다. 그러면서 &quot;조선에서 함부로... ",2026-05-15 05:41:00+00:00,https://www.ize.co.kr/news/articleView.html?idxno=76971,https://m.entertain.naver.com/article/465/0000017273
탕후루,2026.0,[뉴스줌인] 알리·테무도 결국 '<b>탕후루</b>'였나...반짝 인기 이후 성장률 급...,"2013년 벌집 아이스크림은 파라핀 논란 이후 1년도 채 지나지 않아 자취를 감췄고, <b>2016</b>년 대만 카스테라는 오픈런 열풍 속에서도 식용유 논란이 터지며 약 1년여 만에 하락세로 돌아섰다. <b>탕후루</b> 역시 2023년 급속도로... ",2026-05-13 05:46:00+00:00,http://www.dailypop.kr/news/articleView.html?idxno=98790,http://www.dailypop.kr/news/articleView.html?idxno=98790
탕후루,,짧아진 디저트 유행의 냉혹한 공식,"이후 <b>2016</b>년 대왕카스테라, 2019년 흑당 버블티, 2020년 크로플, 2022년 포켓몬빵, 2023년 <b>탕후루</b>와 먹태깡, 그리고 연말·연초 전국을 강타한 두바이 쫀득 쿠키(두쫀쿠)와 최근 급부상한 상하이 버터떡까지. 디저트 유행의... ",,https://www.mk.co.kr/article/12019982,https://n.news.naver.com/mnews/article/024/0000104985?sid=102
탕후루,,[1박2일] ‘셰프계 <b>탕후루</b> VS 한정적인 요리’ 정호영 VS 샘킴...긁고 긁...,주종현 PD는 지난 <b>2016</b>년 '1박2일 시즌3' 막내 PD로 첫 등장했다가 8년 만에 메인 PD로 다시 나타났다. 이날은 전라남도 목포시에서 펼쳐지는 '봄 밥상 대결 맛 대 맛' 첫 번째 이야기가 공개됐다. 오프닝 근황 토크에서... ,,https://kstar.kbs.co.kr/list_view.html?idx=396966,https://m.entertain.naver.com/article/438/0000079028
탕후루,,“갑자기 가격이 왜 오른 거야?”…유행만 했다 하면 재료 가격 2배씩 뛴...,"2014년 허니버터칩은 17개월간 품귀를 빚었고, <b>2016</b>년 대만 카스테라도 약 15개월 만에 내리막을 걸었다. <b>탕후루</b>는 2023년 5월 정점을 찍은 뒤 불과 1년 만에 폐업이 속출하며 관광지 간식으로 쪼그라들었다. 벌집... ",,https://www.sedaily.com/article/20020667?ref=naver,https://n.news.naver.com/mnews/article/011/0004600416?sid=101
탕후루,,봄동 비빔밥 다음은 버터떡…쇼트폼이 만든 초단기 유행 [뉴스in뉴스],"2014년 품절 대란을 빚었던 허니버터칩과 <b>2016</b>년 등장한 대왕 카스텔라입니다. 모두 유행 주기는 대략 1년에서 15개월가량이었습니다. 하지만 지난해 인기였던 <b>탕후루</b>는 불과 반년 만에 열기가 꺾였고, 최근 화제였던 '두쫀쿠... ",,https://news.kbs.co.kr/news/pc/view/view.do?ncd=8510474&ref=A,https://n.news.naver.com/mnews/article/056/0012143487?sid=102
탕후루,,“달콤함에 세금을?” 너무 쉬운 길은 아닐까,이 세금의 논의는 <b>2016</b>년 WHO 권고로 본격 시작됐다. 영국의 경우 2018년 청량음료산업부담금을 도입했다.... <b>탕후루</b>·두바이쫀득쿠키 등 국내에서도 큰 인기를 끈 디저트류에 대한 과세도 언젠가 현실화될 수 있다.... ,,https://www.sisain.co.kr/news/articleView.html?idxno=57433,https://n.news.naver.com/mnews/article/308/0000038000?sid=102
탕후루,,"MZ, 보여주는 맛에 열광…핫메뉴 등장 `오픈런→과잉생산` 악순환","실제 한때 줄 서서 사먹던 <b>탕후루</b>, 대왕카스테라 가게는 이제 찾아보기조차 힘들어졌다. 2014년 등장한... 이어 대왕 카스테라(<b>2016</b>년), 흑당 버블티(2019년)는 해외의 이색적 맛을 원형 그대로 국내에 들어와 줄 서기 문화를... ",,http://www.edaily.co.kr/news/newspath.asp?newsid=02509206645382992,https://n.news.naver.com/mnews/article/018/0006234019?sid=101
탕후루,,<b>탕후루</b> 유행 6개월·두쫀쿠 3개월…`MZ입맛` 초광속 변심,이어 △대왕카스테라(<b>2016</b>년) 10개월 △흑당 버블티(2019년) 8개월 △크로플(크루아상X와플·2020년) 1년 △포켓몬빵(2022년) 7개월 △<b>탕후루</b>(2023년) 6개월 △먹태깡(2023년) 5개월 등 대부분 1년 안팎으로 디저트 유행 지속... ,,http://www.edaily.co.kr/news/newspath.asp?newsid=02505926645382992,https://n.news.naver.com/mnews/article/018/0006234018?sid=101
탕후루,,두쫀쿠 지고 버터떡 뜬다…짧아진 디저트 유행,"2014년 허니버터칩 과자 열풍은 약 17개월간 지속됐고 <b>2016</b>년 대만카스테라 15개월, 2023년 <b>탕후루</b>는 12개월 만에 시장 열기가 빠르게 식은 바 있다. 양동민 호남대 경영학과 교수는 “간식들의 유행주기가 짧아지고 있어... ",,http://www.jndn.com/article.php?aid=1773302530428662004,http://www.jndn.com/article.php?aid=1773302530428662004
탕후루,,“요즘 <b>탕후루</b> 가게 안 보이네?”...어제는 없어서 못 팔았는데 오늘은...,"2014년 등장한 허니버터칩은 17개월간 품귀 현상을 빚었지만 이후 급격히 열기가 식었고, <b>2016</b>년 초 유행한 대만 카스테라도 약 15개월 만에 하락세로 돌아섰다. <b>탕후루</b>는 2023년 5월 급속히 확산됐다가 불과 12개월 뒤인 2024년... ",,https://www.sedaily.com/article/20018156?ref=naver,https://n.news.naver.com/mnews/article/011/0004598228?sid=102
탕후루,,'두쫀쿠→봄동' 다음은? SNS 먹거리 유행 초고속…숨가쁜 지역 상권,"2014년 겨울에는 허니버터칩 열풍이 불며 유사 제품이 쏟아졌고, <b>2016</b>년 등장한 대만 카스테라는 과도한 가맹점 확장과 위생 논란이 겹치며 급격히 쇠락했다. 2023년 젊은 층 사이에서 유행했던 <b>탕후루</b> 역시 건강 논란과... ",,https://www.daejonilbo.com/news/articleView.html?idxno=2262140,https://n.news.naver.com/mnews/article/656/0000170122?sid=101
탕후루,,[칼럼] 이정민 | '두쫀쿠의 나라'에서 패션산업의 지속가능성,"<b>탕후루</b>, 요아정, 두바이 초콜릿까지 어떤 유행도 1년 이상 꾸준하게 시장의 주목을 받지 못했다. 내수... 덴마크 코펜하겐을 기반으로 한 가니의 지속가능성 여정은 <b>2016</b>년 당시 브랜드를 공동 운영하던 니콜라이... ",,https://www.fashionbiz.co.kr/article/224382,https://www.fashionbiz.co.kr/article/224382
탕후루,,약과에서 버터떡까지...6개월도 긴 '초단기 유행' 디저트 [이슈크래커],"2014년 품귀 현상을 빚었던 허니버터칩을 시작으로 쥬씨(2015), 대왕 카스테라(<b>2016</b>), 명랑 핫도그(2017) 등은 긴... 2022년 약과와 포켓몬 빵을 시작으로 <b>탕후루</b>, 두바이초콜릿, 두바이쫀득쿠키(두쫀쿠), 그리고 최근 상하이... ",,https://www.etoday.co.kr/news/view/2563238,https://www.etoday.co.kr/news/view/2563238
탕후루,,<b>탕후루</b> 이어 두쫀쿠까지...유행 간식 안전 경고,총 당 섭취량은 <b>2016</b>년 67.9g보다는 감소했지만 최근 몇 년간 다시 증가세를 보이고 있다. 특히 당 과잉... 대표적인 고당류 간식인 <b>탕후루</b> 역시 과다 섭취 시 건강에 부담을 줄 수 있는 식품으로 지적된다. 과일과... ,,https://www.ebn.co.kr/news/articleView.html?idxno=1701796,https://www.ebn.co.kr/news/articleView.html?idxno=1701796
탕후루,,[기자수첩] 개성 없이 유행만 좇다 브랜드 잃는다,거리엔 <b>탕후루</b>를 파는 새 점포가 생겼고 많은 경쟁자가 생겨도 매출이 보장될 정도로 인기를 끌었다. 그러나 1년 정도 인기를 끈 뒤 2024년부터 빠르게 인기가 사그라들었다. 현재는 판매점을 찾기 힘들다. <b>2016</b>년 대왕... ,,https://biz.chosun.com/opinion/journalist/2026/03/06/DLWC5SH5LNEETF3UKAMIBNMYGQ/?utm_source=naver&utm_medium=original&utm_campaign=biz,https://n.news.naver.com/mnews/article/366/0001146439?sid=110
탕후루,,허니버터칩·<b>탕후루</b>·두쫀쿠 다음은 봄동인가...한국인 종특 먹거리 유...,<b>2016</b>년에 등장한 대만카스테라는 과도한 가맹점 확장과 위생·원재료 논란이 겹치며 급격히 쇠락했다. 2023년 젊은 층을 중심으로 인기를 끈 <b>탕후루</b> 역시 건강 논란과 공급 과잉이 겹치며 빠르게 사그라들었다. 두쫀쿠... ,,http://www.newsworker.co.kr/news/articleView.html?idxno=415516,http://www.newsworker.co.kr/news/articleView.html?idxno=415516
탕후루,,"[경북 동해안, 다시 뛰는 ‘K-수산물’의 힘] ① 위기의 포항 수산업 ‘...","동해안에서 시작된 푸른 혁명이 전 세계 식탁을 어떻게 점령해 나갈지 귀추가 주목된다.◆ <b>탕후루</b> 옆... 과메기 생산량은 언론의 문제제기 이후인 <b>2016</b>년 3천679t으로 급감했고, 2019년에는 2천96t으로 반토막 났다. 끝 모를... ",,https://www.yeongnam.com/web/view.php?key=20260225022018178,https://www.yeongnam.com/web/view.php?key=20260225022018178
탕후루,,"설탕세 도입, 당류 저감을 위한 유효 적절한 수단인가?","세계보건기구는 <b>2016</b>년 발간한 「Fiscal Policies for Diet and Prevention of Noncommunicable Diseases」에서, 전 세계적으로... 선풍적인 인기를 끌었던 '<b>탕후루</b>'나 '두쫀쿠' 등 식품접객업소에서 판매하는 식품에도 당류가 많지만... ",,http://www.foodnews.co.kr/news/articleView.html?idxno=117250,http://www.foodnews.co.kr/news/articleView.html?idxno=117250
탕후루,,<b>탕후루</b>·두쫀쿠…“안 먹어본 사람 없다더니” 한국인 ‘당 과잉섭취’...,"크로플, 흑당 버블티, <b>탕후루</b>, 두쫀쿠(두바이쫀득쿠키). 2020년대 들어 우리나라 디저트판을 휩쓸고 간... 총 당 섭취량은 <b>2016</b>년 67.9g보다는 유의미하게 줄었지만, 2020년부터 2022년 3년간은 58g대를 보이다가 2023년 59.... ",,https://www.sedaily.com/article/20007599?ref=naver,https://n.news.naver.com/mnews/article/011/0004589017?sid=103
탕후루,,"‘두쫀쿠’ 열기 시들…유통가, 제2의 두바이 디저트로 갈아탄다","과거 2014년 ‘허니버터칩’ 열풍은 약 17개월간 지속됐고, <b>2016</b>년 초 ‘대만 카스테라’는 약 15개월, 2023년 <b>탕후루</b>’는 약 12개월 만에 시장 열기가 빠르게 식었다. 다만 업계에선 두쫀쿠가 과거 디저트와는 다른 행보를... ",,https://www.sedaily.com/article/20006218?ref=naver,https://n.news.naver.com/mnews/article/011/0004587872?sid=101
탕후루,,오픈런 해도 사 먹기 힘들었는데...재고 쌓이고 3000원짜리 ‘두쫀쿠’...,"이후 <b>2016</b>년 초 등장한 대만 카스테라도 시장을 사로잡았지만 약 15개월 만에 급격한 하락 국면에 접어들었다. 특히 두쫀쿠만큼 인기를 끌었던 <b>탕후루</b>는 2023년 5월께 급속히 확산됐지만, 불과 12개월 만인 2024년 5월을... ",,https://www.sedaily.com/article/20006254?ref=naver,https://n.news.naver.com/mnews/article/011/0004587857?sid=102
탕후루,,두쫀쿠도 유행 끝?…&quot;재고 이만큼 남아 있다&quot; 인증샷 줄이어,"2014년 등장한 해태제과의 허니버터칩은 17개월간, <b>2016</b>년 초 등장한 대만 카스테라는 15개월간, 2023년 급속한 인기를 끌은 <b>탕후루</b>는 12개월 만에 시장 열기가 빠르게 식은 바 있습니다. 이에 비교하면 두바이 디저트는... ",,http://mbn.mk.co.kr/pages/news/newsView.php?category=mbn00009&news_seq_no=5174131,https://n.news.naver.com/mnews/article/057/0001934062?sid=102
탕후루,,당신이 두바이쫀득쿠키에 빠져든 이유,"허니버터칩, 대만식 카스텔라, 요거트 아이스크림, <b>탕후루</b>, 두바이쫀득쿠키(두쫀쿠) 같이 소셜미디어... 대만식 카스텔라는 <b>2016</b>~17년 촉촉한 식감과 달콤함으로 인기를 얻었으나, 이후 보도와 소비자 관심 변화가 겹치며... ",,https://www.hinews.co.kr/view.php?ud=20260204122636950cd8b879b3c_48,https://www.hinews.co.kr/view.php?ud=20260204122636950cd8b879b3c_48
탕후루,,[카드뉴스] '두쫀쿠' 이전에도 있었다! '품절' '품귀' 현상의 주인공들,"<b>탕후루</b>와 함께 SNS 밈을 통해 확산된 음식 트렌드의 한 축으로 언급되며, 특히 젊은층 소비를 중심으로 영향력을 유지하고 있다. 한때 창업 시장을 휩쓴 '대왕카스테라'도 빼놓을 수 없다. <b>2016</b>~2017년 전국적인 붐을 일으킨... ",,http://www.sisunnews.co.kr/news/articleView.html?idxno=234176,http://www.sisunnews.co.kr/news/articleView.html?idxno=234176
탕후루,,"닭집까지 파고든 ‘두쫀쿠’, <b>탕후루</b>와 다를까…유행템 열풍의 달콤한 ...","<b>2016</b>~2017년 반짝 유행했던 대만 카스테라, 2023~2024년 골목상권을 뒤덮었던 <b>탕후루</b>가 대표 사례다. 이보다 규모가 작게 유행한 아이템까지 포함하면 유행 주기는 더 짧다. 두쫀쿠는 피스타치오 크림과 카다이프를 섞어 만든... ",,https://ilyo.co.kr/?ac=article_view&entry_id=507365,https://ilyo.co.kr/?ac=article_view&entry_id=507365
탕후루,,[허영주 칼럼] 두쫀쿠 열풍과 대한민국 유행 디저트의 계보,딸기오믈렛(<b>2016</b>년 9월~2017년 5월)은 약 9개월간 반짝 인기를 끌었다. 부드러운 오믈렛 안에 생크림과 딸기를... 약과와 <b>탕후루</b>(2023년 5월~2024년 5월)는 약 1년간 동시에 유행했다. 약과는 전통 간식이 MZ세대의 취향에 맞게... ,,https://www.womaneconomy.co.kr/news/articleView.html?idxno=249003,https://www.womaneconomy.co.kr/news/articleView.html?idxno=249003
탕후루,,[유통가 레이더] 이재민 위한 '비상식량세트' 만든 오뚜기... 적십자사 ...,'스윗칠리킹'은 붉은 칠리소스가 치킨을 얇고 투명하게 감싸 마치 '<b>탕후루</b>'처럼 반짝이는 비주얼을... 파트너사의 해외 진출을 돕기 위해 <b>2016</b>년부터 '롯데-대한민국 브랜드 엑스포'도 열고 있다. 지난해까지 총 1500여 개... ,,https://www.greened.kr/news/articleView.html?idxno=336207,https://www.greened.kr/news/articleView.html?idxno=336207
탕후루,,[이형석칼럼] 두쫀쿠 열풍에 코스피 불장…단맛 디저트 유행하면 주가도...,마카롱·뚱카롱 유행 시기이자 코스피 상승기였던 <b>2016</b>년말~2017년초는 대만카스텔라 인기의 절정기이기도 했다. <b>탕후루</b>는 뚱카롱보다는 짧고 대만 카스텔라보다는 좀 긴 유행 주기를 보였다. 2022년말부터 젊은층에서... ,,https://biz.heraldcorp.com/article/10662636?ref=naver,https://n.news.naver.com/mnews/article/016/0002590901?sid=101
탕후루,,그 많던 <b>탕후루</b> 가게 요즘 안 보이네...“없어서 못 팔아” 두쫀쿠 인기...,"이후 <b>2016</b>년 초 등장한 대만 카스테라도 시장을 사로잡았지만 약 15개월 만에 급격한 하락 국면에 접어들었다. 특히 두쫀쿠만큼 인기를 끌었던 <b>탕후루</b>는 2023년 5월께 급속히 확산됐지만, 불과 12개월 만인 2024년 5월을... ",,https://www.sedaily.com/article/20000266?ref=naver,https://n.news.naver.com/mnews/article/011/0004582670?sid=102
탕후루,,&quot;없어서 못 판다&quot; 겨울철 한국은 '두쫀쿠' 열풍… 방학마다 반복되는 먹...,"- 겨울방학 만나 대유행… '두바이 쫀득 쿠키' 품절 대란 - <b>탕후루</b>는 반짝, 마라탕은 정착… 유행 수명 가른... 허니버터칩에 대한 2014년 1월부터 <b>2016</b>년 1월까지 2년간 구글 검색량. 2014년 12월경 검색량 100(상대값)에... ",,https://www.ilyoseoul.co.kr/news/articleView.html?idxno=512173,https://www.ilyoseoul.co.kr/news/articleView.html?idxno=512173
탕후루,,"“<b>탕후루</b> 전철 밟나, 소금빵 뒤 따르나”…‘두쫀쿠’ 열풍 얼마나 갈까","당시 해태제과는 허니버터칩 출시 8개월 만인 2015년 4월 공장 증설을 결정했고, 1년 만인 <b>2016</b>년 4월 신공장을... 그렇다면 <b>탕후루</b>는 어떨까. <b>탕후루</b>도 ‘단기 과열’ 흐름을 면치 못한 대표 사례로 꼽힌다. 2023년 5월께... ",,https://www.dailian.co.kr/news/view/1600375/?sc=Naver,https://n.news.naver.com/mnews/article/119/0003050459?sid=101
탕후루,,SNS 공유 가능한 ‘경험 사치’…두쫀쿠 정점 지나는 중,"돌이켜보면 벌집 아이스크림(2013년), 대만 대왕카스테라(<b>2016</b>년), <b>탕후루</b>(2023년), 요거트아이스크림(2024년) 등 반짝 유행했다가 빠르게 식은 K디저트가 적지 않았습니다. 두쫀쿠 역시 같은 경로를 밟게 될까요? 미식의... ",,https://www.hani.co.kr/arti/society/society_general/1240276.html,https://n.news.naver.com/mnews/article/028/0002786983?sid=102
탕후루,,"2025 연말결산, 아듀 Vol 2","&lt;어쩌면 해피엔딩&gt; 역시 <b>2016</b>년 초연 이후 거의 매년 재공연되었고, 박천휴 작가는 한국 관객으로부터... 마라탕과 <b>탕후루</b>. 맵고 단 ‘길티 플레저’의 시대가 분명한 전환점을 맞은 한 해였다. 2025년 한국 식품 시장을... ",,https://www.wkorea.com/2025/12/16/2025-%ec%97%b0%eb%a7%90%ea%b2%b0%ec%82%b0-%ec%95%84%eb%93%80-vol-2/?utm_source=naver&utm_medium=partnership,https://www.wkorea.com/2025/12/16/2025-%ec%97%b0%eb%a7%90%ea%b2%b0%ec%82%b0-%ec%95%84%eb%93%80-vol-2/?utm_source=naver&utm_medium=partnership
탕후루,,[음식의 미래]음식 트렌드 전망에서 배우는 가치소비,"홀푸드마켓은 생산자, 구매 담당자, 요리사 등 현장 목소리를 반영해 <b>2016</b>년부터 11년째 음식 트렌드를... 2024년 구글에서 가장 많이 검색된 음식은 초콜릿 머핀, <b>탕후루</b>, 마카로니와 치즈(맥&amp;치즈)처럼 달고 자극적인... ",,https://www.khan.co.kr/article/202512042213005,https://n.news.naver.com/mnews/article/032/0003413296?sid=110
탕후루,,[기자수첩] 프랜차이즈 유감,"2010년대 초 스몰비어, <b>2016</b>년 대만 카스테라, 최근의 <b>탕후루</b> 등이 대표적이다. 올 들어 점포를 빠르게 늘려나갔던 9900원, 8900원 저가 한우 브랜드도 최근 들어 가맹점수 증가 속도가 급격히 줄어들었다. 경기 불황에 값싼... ",,http://www.fnnews.com/news/202510281832565351,https://n.news.naver.com/mnews/article/014/0005425889?sid=110
탕후루,,"강남구, 제1회 세계청소년백일장 개최","백일장에는 9세부터 18세까지(<b>2016</b>년생~2007년생) 국내‧외 국적 청소년 누구나 참여할 수 있다. 행사 당일... 특히, 뉴욕핫도그, 꼬치구이, 과일<b>탕후루</b>, 슬러시 등 1300인분의 간식을 무료로 제공하는 푸드트럭을 운영한다.... ",,https://biz.heraldcorp.com/article/10593409?ref=naver,https://n.news.naver.com/mnews/article/016/0002541787?sid=102
탕후루,,"강남구, 전국 최초 세계청소년백일장 ‘신나, 쉼나!’ 개최","백일장에는 9세부터 18세까지(<b>2016</b>년생~2007년생) 국내‧외 국적 청소년 누구나 참여할 수 있다. 행사 당일... 특히, 뉴욕핫도그, 꼬치구이, 과일<b>탕후루</b>, 슬러시 등 1300인분의 간식을 무료로 제공하는 푸드트럭을 운영, 지역... ",,https://biz.heraldcorp.com/article/10593242?ref=naver,https://n.news.naver.com/mnews/article/016/0002541680?sid=102
탕후루,,"강남구, 전국 최초 세계청소년백일장 '신나, 쉼나!' 개최","백일장에는 9세부터 18세까지(<b>2016</b>년생~2007년생) 국내‧외 국적 청소년 누구나 참여할 수 있다. 행사 당일... 특히, 뉴욕핫도그, 꼬치구이, 과일<b>탕후루</b>, 슬러시 등 1,300인분의 간식을 무료로 제공하는 푸드트럭을 운영해... ",,https://www.fntoday.co.kr/news/articleView.html?idxno=365550,https://www.fntoday.co.kr/news/articleView.html?idxno=365550
탕후루,,"강남구, 전국 최초 세계청소년백일장 '신나, 쉼나!' 개최","백일장에는 9세부터 18세까지(<b>2016</b>년생~2007년생) 국내·외 국적 청소년 누구나 참여할 수 있다. 행사 당일... 특히, 뉴욕핫도그, 꼬치구이, 과일<b>탕후루</b>, 슬러시 등 1300인분의 간식을 무료로 제공하는 푸드트럭을 운영해, 지역... ",,https://www.public25.com/news/articleView.html?idxno=32385,https://www.public25.com/news/articleView.html?idxno=32385
탕후루,,"강남구, 전국 최초 세계청소년백일장 '신나, 쉼나' 개최","참가 대상은 9세부터 18세까지(<b>2016</b>년생~2007년생) 국내외 국적 청소년이며, 행사 당일 현장에서 주어진 주제로... 특히, 뉴욕핫도그 ▲ 꼬치구이 ▲ 과일<b>탕후루</b> ▲ 슬러시 등 1300인분의 간식을 무료로 제공하는 푸드트럭이... ",,http://www.ttlnews.com/news/articleView.html?idxno=3037522,http://www.ttlnews.com/news/articleView.html?idxno=3037522
탕후루,,"강남구, 국내 최초 '세계청소년백일장 신나, 쉼나!' 개최","백일장은 9세부터 18세까지(<b>2016</b>년생~2007년생) 국내외 국적 청소년 누구나 참여할 수 있다. 참가자는 행사 당일... 또한 뉴욕핫도그, 꼬치구이, 과일<b>탕후루</b>, 슬러시 등 1300인분의 간식을 무료 제공하는 푸드트럭도 운영돼... ",,https://www.pinpointnews.co.kr/news/articleView.html?idxno=384630,https://www.pinpointnews.co.kr/news/articleView.html?idxno=384630
탕후루,,"강남구, 전국 최초 세계청소년백일장 ‘신나, 쉼나!’ 개최","백일장에는 9세부터 18세까지(<b>2016</b>년생~2007년생) 국내‧외 국적 청소년 누구나 참여할 수 있다. 행사 당일... 특히, 뉴욕핫도그, 꼬치구이, 과일<b>탕후루</b>, 슬러시 등 1,300인분의 간식을 무료로 제공하는 푸드트럭을 운영해... ",,https://weeklytrade.co.kr/news/view.html?section=1&category=160&item=&no=96885,https://weeklytrade.co.kr/news/view.html?section=1&category=160&item=&no=96885
탕후루,,"강남구, 전국 최초 세계청소년백일장 '신나, 쉼나!' 개최","백일장에는 9세부터 18세까지(<b>2016</b>년생~2007년생) 국내‧외 국적 청소년 누구나 참여할 수 있다. 행사 당일... 특히 뉴욕핫도그, 꼬치구이, 과일<b>탕후루</b>, 슬러시 등 1,300인분의 간식을 무료로 제공하는 푸드트럭을 운영해, 지역... ",,http://www.hg-times.com/news/articleView.html?idxno=276084,http://www.hg-times.com/news/articleView.html?idxno=276084
탕후루,,"강남구, 전국 최초 세계청소년백일장 '신나, 쉼나!'","9세부터 18세까지(<b>2016</b>년생~2007년생) 국내외 국적 청소년 누구나 참여할 수 있다. 행사 당일 현장에서 글쓰기... 뉴욕핫도그, 꼬치구이, 과일<b>탕후루</b>, 슬러시 등 1300인분 간식을 무료로 제공한다. 조성명 강남구청장은... ",,https://www.newsis.com/view/NISX20251014_0003361551,https://n.news.naver.com/mnews/article/003/0013532674?sid=102
탕후루,,"강남구, 전국 첫 '세계청소년백일장 신나, 쉼나!' 연다","9~18세(<b>2016</b>년~2007년생) 국내외 국적 청소년 누구나 참여할 수 있으며 행사 당일 현장에서 제시되는 주제로 시... 특히 뉴욕핫도그, 꼬치구이, 과일<b>탕후루</b>, 슬러시 등 1천300인분의 간식을 무료로 제공하는 푸드트럭이... ",,http://www.readersnews.com/news/articleView.html?idxno=117151,http://www.readersnews.com/news/articleView.html?idxno=117151
탕후루,,"강남구, 전국 최초 세계청소년백일장 ‘신나, 쉼나!’ 개최","백일장에는 9세부터 18세까지(<b>2016</b>년생~2007년생) 국내외 국적 청소년 누구나 참여할 수 있다. 행사 당일... 특히, 뉴욕핫도그, 꼬치구이, 과일<b>탕후루</b>, 슬러시 등 1,300인분의 간식을 무료로 제공하는 푸드트럭을 운영해, 지역... ",,https://weekly.cnbnews.com/news/article.html?no=192600,https://weekly.cnbnews.com/news/article.html?no=192600
탕후루,,"강남구, '전국 첫' 세계청소년백일장 연다","9~18세(<b>2016</b>년~2007년생) 국내외 국적 청소년 누구나 참여할 수 있다. 행사 당일 현장에서 글쓰기 주제가... 특히 뉴욕핫도그, 꼬치구이, 과일<b>탕후루</b>, 슬러시 등 1천300인분의 간식을 무료로 제공하는 푸드트럭이 운영된다.... ",,https://www.yna.co.kr/view/AKR20251014011100004?input=1195m,https://n.news.naver.com/mnews/article/001/0015675580?sid=102
탕후루,,"강남구, 전국 최초 세계청소년백일장 '신나, 쉼나' 개최","백일장에는 9세부터 18세까지(<b>2016</b>년생~2007년생) 국내외 국적 청소년 누구나 참여할 수 있다. 행사 당일... 특히, 뉴욕핫도그, 꼬치구이, 과일<b>탕후루</b>, 슬러시 등 1,300인분의 간식을 무료로 제공하는 푸드트럭을 운영해, 지역... ",,https://www.lcnews.co.kr/news/articleView.html?idxno=113107,https://www.lcnews.co.kr/news/articleView.html?idxno=113107
탕후루,,[Issue Pick]저속 노화(Slow Aging) 솔루션은 있을까,"글로벌 시장조사업체 유로모니터에 따르면 국내 저당 시장 규모는 <b>2016</b>년 903억 원에서 2022년 3,000억 원으로... 마라탕, <b>탕후루</b>, 직화구이 고기, 달콤한 디저트와 이른바 빵집 순례, 간편한 배달음식 등을 통해 먹고... ",,http://mbn.mk.co.kr/pages/news/newsView.php?category=mbn00013&news_seq_no=5141284,https://n.news.naver.com/mnews/article/057/0001908513?sid=103
탕후루,,"[TF초점] '최고령 여배우' 김영옥, 나이가 무색…귀감 낳은 유튜브 도전","마라탕과 <b>탕후루</b>를 먹는 모습까지 MZ(엠지, 1980~2010년생인 밀레니얼세대와 1990년대 후반~2012년생인 Z세대를... 그는 지난 <b>2016</b>년 방송된 JTBC 예능 프로그램 '힙합의 민족'에 출연해 만난 몬스타엑스 멤버 주헌과의 인연으로... ",,https://news.tf.co.kr/read/entertain/2237198.htm,https://m.entertain.naver.com/article/629/0000419856
탕후루,,"‘무비자 중국’ 열풍... 한국인 153만명, 상하이로 몰렸다 [비즈니스포...","마라탕이나 <b>탕후루</b>, 훠궈 같은 음식이 한국에서 유행하면서 중국 음식에 대한 거부감이 낮아져 도전하기... 대표적인 사례가 <b>2016</b>년 개장한 상하이 디즈니리조트다. 총 4㎢ 면적의 호텔·상업지구·교통 인프라를... ",,https://magazine.hankyung.com/business/article/202508201855b,https://n.news.naver.com/mnews/article/050/0000095402?sid=101
탕후루,,&quot;그 많던 <b>탕후루</b> 어디갔나&quot;…살아남은 마라탕·요아정 비결은?,"14일 업계에 따르면, 대왕카스테라, 대만식 커피, <b>탕후루</b> 등은 인기가 식은 반면, 마라탕과 요아정은... 예를 들어 대왕카스테라는 <b>2016</b>년 홍대, 강남, 이태원 등 MZ세대가 많이 찾는 지역에서 '대만 야시장 음식'으로... ",,http://www.srtimes.kr/news/articleView.html?idxno=183665,http://www.srtimes.kr/news/articleView.html?idxno=183665
탕후루,,"순이엔티 박창우 대표 “숏폼은 유행에 초민감, 달리는 말에 올라타죠&quot;","&quot;숏폼 기본 속성은 바이럴&quot; 순이엔티는 지난해 소속 가수 서이브의 곡 ‘마라<b>탕후루</b>’를 발매해 전... 한편, 순이엔티는 <b>2016</b>년 설립된 글로벌 숏폼 비즈니스 전문 기업이다. 2025년 상반기 MCN 사업 매출은 전년 동기 대비... ",,http://www.fnnews.com/news/202508060938089027,https://n.news.naver.com/mnews/article/014/0005388289?sid=103
탕후루,,“당뇨병 걱정되면 당장 영양제부터 손절하세요”,"<b>탕후루</b>, 젤리 등 다양한 종류를 다루는 이들은 “밥 대신 디저트”를 외치며 스스로를 당 중독자라고... 2023년 대한당뇨병학회 설원학술상, 2019년 강북삼성병원 핵심가치실천상, <b>2016</b>년 대한내분비학회 남곡학술상, 2014년... ",,https://woman.donga.com/3/all/12/5715112/1,https://woman.donga.com/3/all/12/5715112/1
탕후루,,중국인 ‘알바 천국’ 명동 노점… 그 뒤엔 다단계식 ‘불법 카르텔’,“<b>탕후루</b> 하오츠(好吃·맛있다).” “전하오칸(眞好看·정말 예뻐요)!” 지난 7일 오후 8시 서울 중구 명동... 서울 중구는 지난 <b>2016</b>년부터 노점 실명제를 운영하고 있다. 1년에 약 90만원을 받고 도로 점용 허가증을 내주는... ,,https://www.chosun.com/national/national_general/2025/06/11/SUCRCMIX5BGH7KTTYTIVL57ZJI/?utm_source=naver&utm_medium=referral&utm_campaign=naver-news,https://n.news.naver.com/mnews/article/023/0003910308?sid=102
탕후루,,&quot;이대론 안되겠다” 깨물고 할퀴고… 시민안전 위협에 ‘전장연 방지법...,이거는 제가 2018년도 그리고 그 전에 한 <b>2016</b>년도에 처음 뵀었는데 국군포로 귀환 용사분들을 우연히 만났다가... <b>탕후루</b> 꼬치 재사용 금지 조례안 이렇게 해서 귀엽다 이렇게 생각하고 있었는데 청소년의원들이 노인 일자리... ,,https://radio.ytn.co.kr/program/?f=2&id=103057&s_mcd=0433&s_hcd=01,https://radio.ytn.co.kr/program/?f=2&id=103057&s_mcd=0433&s_hcd=01
탕후루,,&quot;이대론 안되겠다&quot; 깨물고 할퀴고... 시민안전 위협에 '전장연 방지법'...,이거는 제가 2018년도 그리고 그 전에 한 <b>2016</b>년도에 처음 뵀었는데 국군포로 귀환 용사분들을 우연히 만났다가... <b>탕후루</b> 꼬치 재사용 금지 조례안 이렇게 해서 귀엽다 이렇게 생각하고 있었는데 청소년의원들이 노인 일자리... ,,https://www.ytn.co.kr/_ln/0103_202506101400354889,https://n.news.naver.com/mnews/article/052/0002203903?sid=102
탕후루,,[인터뷰]순이엔티 박창우 &quot;숏폼 기회의 땅…강제스타 발굴&quot;,"크리에이터 서이브(12)의 '마라<b>탕후루</b>'다. '그럼 제가 선배 맘에/탕탕 후루후루!/내 맘이 단짠단짠~'이라는... <b>2016</b>년 설립 후 한 번도 계약 분쟁이 없었고, 크리에이터와 재계약률이 높은 비결도 궁금했다. &quot;크리에이터에게... ",,https://www.newsis.com/view/NISX20250427_0003155057,https://n.news.naver.com/mnews/article/003/0013208083?sid=103
탕후루,,"<b>탕후루</b> 제치고 중고등생 최애 디저트 '1위' 등극한 뜻밖의 음식, 암울한...",한때 전국의 중고등학생 사이에서 유행하는 디저트였던 <b>탕후루</b>가 지고 새로운 디저트계의 강자가... 가격지수란 2014~<b>2016</b>년 평균가격 100을 두고 비교해 나타낸 수치를 의미한다. 유제품 가격지수는 2023년 9월 112까지... ,,https://www.wikitree.co.kr/articles/1035571,https://www.wikitree.co.kr/articles/1035571
탕후루,,사모펀드는 왜 F&amp;B 프랜차이즈를 사랑할까,"지난해 유행한 두바이초콜릿, 요아정, <b>탕후루</b> 등은 유행이 지났다. 유행에 민감하지 않고 주기적으로... 버거킹은 <b>2016</b>년 홍콩 사모펀드 어피너티에쿼티파트너스가 2100억원에 사들인 뒤 2021년 재매각을 추진했으나 M&amp;A... ",,https://magazine.hankyung.com/business/article/202503120370b,https://n.news.naver.com/mnews/article/050/0000088007?sid=101
탕후루,,"[친절한 경제] 중고생들 용돈 어디에?…<b>탕후루</b> 열풍도 끝, 새로 뜬 최애","&lt;기자&gt; 한때 학생들한테 <b>탕후루</b>가 정말 인기가 많았죠. 데이터를 분석해 보니까 이제는 <b>탕후루</b> 가고 그... 일단 가격지수가 뭐냐면, 2014년에서 <b>2016</b>년 평균가격을 100을 두고 비교해 나타낸 수치인데요. 유제품 가격지수는... ",,https://news.sbs.co.kr/news/endPage.do?news_id=N1008022540&plink=ORI&cooper=NAVER,https://n.news.naver.com/mnews/article/055/0001240492?sid=101
탕후루,,"[한·중 교류 해빙 기대감] 한국에서, 중국에서 '놀고 보고 즐기고'… 관...","실제로 중국 정부는 <b>2016</b>년 말 한국행 단체여행을 축소하고 중국의 한 음원 유통 사이트에서는 K-팝 차트를... 기념품을 구매하고 커피나 <b>탕후루</b>, 꼬치 등 간단한 간식을 즐기는 한국인도 부지기수다. 최근 중국 상하이를... ",,https://www.ajunews.com/view/20250219165111597,https://www.ajunews.com/view/20250219165111597
탕후루,,"[손병관의 뉴스프레소] '곽종근 회유설' 주장한 성일종, 유령이 '끌어내...","2023년말 817개 대비 53%가 폐업했고, 이 중에는 <b>2016</b>년 이전에 개업한 오래된 가게도 7개 포함돼 있었다. <b>탕후루</b> 가게는 술은 팔지 않는 '휴게음식점'으로 허가를 받아 영업해왔는데, 휴게음식점 폐업률도 2021년 12.8%에서... ",,https://www.ohmynews.com/NWS_Web/View/at_pg.aspx?CNTN_CD=A0003103167&CMPT_CD=P0010&utm_source=naver&utm_medium=newsearch&utm_campaign=naver_news,https://n.news.naver.com/mnews/article/047/0002462446?sid=102
탕후루,,그 많던 <b>탕후루</b> 가게 어디로…폐업까지 평균 3년 ‘짧은 생애’,"이 중에는 <b>2016</b>년 이전에 개업한 오래된 가게도 7개 포함돼 있다. <b>탕후루</b> 가게는 술은 팔지 않는 휴게음식점으로 허가를 받아 영업한다. 커피숍이나 패스트푸드점, 편의점 내 휴게음식점, 푸드트럭 같은 별도... ",,https://www.hani.co.kr/arti/economy/economy_general/1182176.html,https://n.news.naver.com/mnews/article/028/0002730861?sid=101
탕후루,,"[콘텐츠&amp;피플] 박창우 순이엔티 대표, “숏폼, 깊이 있는 스토리로 진화...","숏폼에서 미드폼, 커머스까지… 사업 다각화 성과 <b>2016</b>년 공연기획자 출신 박창우 대표가 설립한 순이엔티는... 통해 '마라<b>탕후루</b>' 커버 콘텐츠 등 화제를 모았다. 또한 마드리드 관광청 아시아 홍보대행을 2년 연속 맡으며... ",,https://www.etnews.com/20250210000311,https://n.news.naver.com/mnews/article/030/0003282629?sid=105
탕후루,,"무에서 유를 창조하라, 기획자의 숏폼 도전 기지 [CEO의 방]","<b>탕후루</b> 숏츠부터 가수 비비의 밤양갱 영상까지 전 국민적으로 사랑받은 숏츠들이 순이엔티... 쌓고 <b>2016</b>년 순이엔티를 설립했다. 이후 박 대표는 부천국제영화제 개폐막식, 아시아드라마 어워즈, 두바이-kon 등을... ",,https://economist.co.kr/article/view/ecn202412090061,https://n.news.naver.com/mnews/article/243/0000069683?sid=101
탕후루,,첨단기술 쏙쏙 빼가더니…<b>탕후루</b> 막대기처럼 버렸다,A씨는 지난 <b>2016</b>년 10월 CXMT에 5년 계약으로 입사했다가 3년6개월만에 퇴사를 강요받고 쫓겨났다. 이후 기술 유출자로 낙인찍혀 우리나라로 귀국하지 못하고 인근 지역의 회사 3곳에서 일한 것으로 전해진다. 업계... ,,https://view.asiae.co.kr/article/2024120214001419576,https://n.news.naver.com/mnews/article/277/0005510722?sid=101
탕후루,,"[기자수첩] 블루보틀, 6년 만에 배달 서비스 개시한 이유",지난 <b>2016</b>년 미국 햄버거 프랜차이즈 쉐이크쉑이 국내에 진출했을 때가 대표적이다. 당시 국내 1호 방문객은... <b>탕후루</b>의 시대가 오는가 하면 두바이 초콜릿을 구하기 위해 줄을 서기도 한다. 몇 년이 지나면 그들 대부분은... ,,https://zdnet.co.kr/view/?no=20241108150700,https://n.news.naver.com/mnews/article/092/0002351717?sid=105
탕후루,,두바이 초콜릿의 유통기한은? 데이터로 본 디저트 트렌드,<b>2016</b>년 하반기 인기를 얻었던 대만 카스텔라는 지금의 <b>탕후루</b>처럼 하나의 사회적 현상이었다. 대만 카스텔라 가게가 우후죽순 생겼지만 ‘먹거리 X파일’ 방송에서 부정적 이슈로 다뤄지며 하락의 길을 걷게 됐다. 2020년... ,,https://woman.donga.com/3/all/12/5247328/1,https://woman.donga.com/3/all/12/5247328/1
탕후루,,"한가인, 첫 <b>탕후루</b> 먹방…“조증 올 거 같아”","배우 한가인이 <b>탕후루</b> 먹방을 펼쳤다. 22일 유튜브 채널 ‘자유부인 한가인’에는 ‘절세미녀 한가인은 뭘... 연상의 배우 연정훈과 결혼했다. 두 사람은 <b>2016</b>년 딸 제이를, 2019년 아들 제우를 품에 안았다. 박민지 온라인 기자",,https://www.sportsworldi.com/newsView/20241022525876,https://m.entertain.naver.com/article/396/0000692415
탕후루,,"디저트39, 전문 인력 없이도 가능한 효율적 운영 가능","특히, 유행성 아이템인 벌집 아이스크림(2013), 대만 카스테라(<b>2016</b>), 흑당 버블티(2018), <b>탕후루</b>(2023) 등과 같이 일시적인 인기를 끄는 브랜드가 아닌 장기적으로 운영이 가능한 브랜드를 선택해야 한다. 이러한 상황 속에서... ",,https://www.vegannews.co.kr/news/article.html?no=25573,https://www.vegannews.co.kr/news/article.html?no=25573
탕후루,,[트렌드경제] 헬시 플레저에 인기 끄는 '제로'…'콜라부터 아이스크림까...,"또 다량의 설탕 코팅으로 만들어 당류, 칼로리 등에 대한 우려가 깊었던 <b>탕후루</b>도 설탕무첨가 제품이... 삼양사는 지난 <b>2016</b> 자체 개발 효소로 알룰로스 양산에 성공했다. 이후 2020년부터 알룰로스를 본격적으로 생산해... ",,https://www.imaeil.com/page/view/2024102013371516436,https://n.news.naver.com/mnews/article/088/0000910563?sid=101
탕후루,,"두바이 초콜릿 다음은 스웨덴 캔디?… 유통업계, 생소한 맛 발굴 전력","작년 중국 간식 <b>탕후루</b>에서 시작해, 올해 여름에는 중동 두바이 초콜릿이 인기를 끌었다. 이제 그 자리는... <b>2016</b>년에는 대만에서 대왕 카스테라가 상륙했다. 대왕 카스테라는 부드럽고 달콤한 맛과 압도적인 크기를... ",,https://biz.chosun.com/distribution/food/2024/10/08/V6JIEY44JFCRFPJODXGIYAM4DY/?utm_source=naver&utm_medium=original&utm_campaign=biz,https://n.news.naver.com/mnews/article/366/0001022495?sid=101
탕후루,,[위클리포유 커버 스토리] 우리의 밤은 당신의 낮보다 맛있다…대구 '夜...,"서문야시장은 <b>2016</b>년 문을 연 서문시장 내 야시장이다. 서문시장 건어물상가 앞 도로 350m 구간 직선 통로에서... <b>탕후루</b>, 아이스크림 와플 등 대중적인 디저트도 가득하다. 가장 인기 있는 음식은 '차돌박이 야키소바'와... ",,https://www.yeongnam.com/web/view.php?key=20240930010003724,https://www.yeongnam.com/web/view.php?key=20240930010003724
탕후루,,"모모랜드 낸시, 화이트 룩에 블루 셔츠 툭…'실패 없는 조합'","공개된 사진 속 낸시는 <b>탕후루</b>를 손에 든 채 포즈를 취하고 있다. 낸시는 깔끔한 민무늬 화이트 티셔츠와... 한편, 낸시는 <b>2016</b>년 11월 그룹 모모랜드로 데뷔해 '뿜뿜' '어마어마해' 등의 히트곡으로 사랑을 받았다. 지난해... ",,https://www.moneys.co.kr/article/2024092710362933624,https://m.entertain.naver.com/article/417/0001029716
탕후루,,"[손병관의 뉴스프레소] 체코 원전, 자금 지원은 없다더니...",3) 지금 출산율로는 이민자 2배 늘려도 인구 감소 <b>2016</b>~2020년 우리나라에 들어오는 이민자 수는 연평균 13만... 커피점 … <b>탕후루</b> … 스터디카페 된다하면 '불나방 창업' 골병 ▲ 한겨레 = 금융지원 없다더니…정부... ,,https://www.ohmynews.com/NWS_Web/View/at_pg.aspx?CNTN_CD=A0003066285&CMPT_CD=P0010&utm_source=naver&utm_medium=newsearch&utm_campaign=naver_news,https://n.news.naver.com/mnews/article/047/0002447183?sid=102
탕후루,,왜 새로운 맛에 열광하나?…대만카스테라-<b>탕후루</b> 잇는 요아정 열풍 뜯어...,<b>탕후루</b>도 인기가 꺼져가는 추세다. 행정안전부에 따르면 지난해 <b>탕후루</b> 가게는 1200곳 넘게 문을 열었지만... <b>2016</b>년 신공장을 지어 생산라인을 2배 키웠더니 되레 인기가 떨어지며 월 매출이 50억원 수준으로 낮아진 바... ,,https://www.seoul.co.kr/news/economy/distribution/2024/09/15/20240915500052?wlog_tag3=naver,https://n.news.naver.com/mnews/article/081/0003480729?sid=101
탕후루,,"젊은층 사로잡는 '단 거', 귀 건강에는 'Danger'","<b>탕후루</b>, 두바이 초콜릿의 인기가 높아졌다가 사그라드는 등 이색적인 디저트가 주목받고 있다. 유행 따라... 건강보험심사평가원 통계에 따르면 2020년 30대 당뇨병 환자와 20대 당뇨병 환자가 <b>2016</b>년보다 각각 25.5%와 47... ",,http://www.mkhealth.co.kr/news/articleView.html?idxno=69539,http://www.mkhealth.co.kr/news/articleView.html?idxno=69539
탕후루,,[경제쏙쏙] '종이 빨대의 배신'…플라스틱보다 환경에 더 나빠,"<b>2016</b>년에는 대만에서 물 건너왔다는 '대왕 카스테라'가 등장했죠. 2년 뒤에는 타피오카 펄을 흑설탕 시럽에... 또 여러가지 과일을 설탕에 코팅한 <b>탕후루</b>, 그리고 아랍에미레이트 두바이에서 물건너 왔다는 두바이 초콜릿이... ",,http://www.yonhapnewstv.co.kr/MYH20240906015200641/?input=1825m,https://n.news.naver.com/mnews/article/422/0000680660?sid=101
탕후루,,대체당 투톱 경쟁 치열…삼양사 &quot;생산량 4배&quot; vs 대상 &quot;B2C 공략&quot;,삼양사는 지난 <b>2016</b>년 자체 효소 기술 기반의 액상 알룰로스 개발에 성공했다. 2020년에는 울산 공장에서... 한 업계 관계자는 &quot;무설탕 <b>탕후루</b>까지 등장하는 등 대체당을 활용한 메뉴들이 계속해서 출시되고 있다&quot;며... ,,https://www.ajunews.com/view/20240828153954924,https://www.ajunews.com/view/20240828153954924
탕후루,,&quot;매일 흰쌀밥? 노화 풀 액셀…천천히 늙으려면 이렇게 먹어라&quot;,"‘저속노화 식사’ 전도사, 정희원 서울아산병원 노년내과 교수 ‘마라<b>탕후루</b>’ 대신 ‘저속노화 식사’... <b>2016</b>~2019년 한 연구를 보면 3년 간 주문 양념통닭의 양념이 더 달고 더 짜졌다고 해요. ‘비만촉진환경’... ",,https://www.joongang.co.kr/article/25272824,https://n.news.naver.com/mnews/article/025/0003381806?sid=102
탕후루,,대만 카스테라부터 <b>탕후루</b>까지…유통가 마른 장작의 역사,‘디저트 대세’ 자리를 요아정에 자리를 내준 <b>탕후루</b>부터 과거 대만 카스테라까지 유통업계를 휩쓸고 간... ◆ <b>2016</b>년 대만 카스테라 <b>2016</b>년 대만에서 물 건너왔다는 ‘대왕 카스테라’가 등장했다. ‘대만 야시장의... ,,https://magazine.hankyung.com/business/article/202408144328b,https://n.news.naver.com/mnews/article/050/0000078987?sid=101
탕후루,,&quot;매일 흰쌀밥 먹는 건 가속노화 쪽으로 풀 액셀 밟는 것&quot;,"━ ‘저속노화 식사’ 전도사, 정희원 서울아산병원 노년내과 교수 ‘마라<b>탕후루</b>’ 대신 ‘저속노화... <b>2016</b>~2019년 한 연구를 보면 3년 간 주문 양념통닭의 양념이 더 달고 더 짜졌다고 해요. ‘비만촉진환경’ ‘당뇨를... ",,https://www.joongang.co.kr/article/25272745,https://n.news.naver.com/mnews/article/353/0000048933?sid=102
탕후루,,2024년 중국 프랜차이즈 전시회 참관기,"사 전시회 현장&gt; [자료: A사 홈페이지, KOTRA 상하이 무역관 촬영] ② <b>탕후루</b> 프랜차이즈 브랜드 B사... &lt;<b>2016</b>~2023년 중국 외식업 시장 규모&gt; (단위: 조 위안) [자료: 상치산업연구원(商启产业研究院)] 중국 최대... ",,http://dream.kotra.or.kr/kotranews/cms/news/actionKotraBoardDetail.do?SITE_NO=3&MENU_ID=110&CONTENTS_NO=1&bbsGbn=245&bbsSn=245&pNttSn=218526,http://dream.kotra.or.kr/kotranews/cms/news/actionKotraBoardDetail.do?SITE_NO=3&MENU_ID=110&CONTENTS_NO=1&bbsGbn=245&bbsSn=245&pNttSn=218526
탕후루,,'보컬神' 김범수가 마라<b>탕후루</b>를? 8년 만 캐나다 투어 성료,"'여행, The Original'은 김범수가 지난 <b>2016</b>년 이후 약 8년 만에 캐나다에서 개최하는 공연이다. 앞서 3개 지역... 김범수는 개인 유튜브 채널 '김범수 KIM BUM SOO'를 통해 화제가 되었던 '마라<b>탕후루</b>', '티라미수케익' 등을 명품... ",,http://www.osen.co.kr/article/G1112400951,https://m.entertain.naver.com/article/109/0005140604
탕후루,,"김범수, 캐나다서 '마라<b>탕후루</b>' 명품 라이프..투어 성공적 마무리","'여행, The Original'은 김범수가 지난 <b>2016</b>년 이후 약 8년 만에 캐나다에서 개최하는 공연이다. 앞서 3개 지역... 김범수는 개인 유튜브 채널 '김범수 KIM BUM SOO'를 통해 화제가 되었던 '마라<b>탕후루</b>', '티라미수케익' 등을 명품... ",,https://www.starnewskorea.com/stview.php?no=2024082116424397951,https://m.entertain.naver.com/article/108/0003259979
탕후루,,"김범수, 8년 만에 캐나다 투어 '여행, The Original' 성료","'여행, The Original'은 김범수가 지난 <b>2016</b>년 이후 약 8년 만에 캐나다에서 개최하는 공연이다. 앞서 3개 지역... 김범수는 개인 유튜브 채널 '김범수 KIM BUM SOO'를 통해 화제가 되었던 '마라<b>탕후루</b>', '티라미수케익' 등을 명품... ",,http://www.newsinside.kr/news/articleView.html?idxno=2540091,http://www.newsinside.kr/news/articleView.html?idxno=2540091
탕후루,,"'보고싶다'→'마라<b>탕후루</b>'…김범수, 8년만 캐나다 투어 성료","'여행, The Original'은 김범수가 지난 <b>2016</b>년 이후 약 8년 만에 캐나다에서 개최하는 공연이다. 앞서 3개 지역... 김범수는 개인 유튜브 채널 '김범수 KIM BUM SOO'를 통해 화제가 되었던 '마라<b>탕후루</b>', '티라미수케익' 등을 명품... ",,http://www.tvdaily.co.kr/read.php3?aid=17242237331722548010,http://www.tvdaily.co.kr/read.php3?aid=17242237331722548010
탕후루,,"김범수, 8년 만 캐나다 투어 '여행, 디 오리지널' 성료","이는 김범수가 지난 <b>2016</b>년 이후 약 8년 만에 캐나다에서 개최한 공연으로, 3개 지역 공연이 전석 매진됐다.... 김범수는 개인 유튜브 채널 '김범수(KIM BUM SOO)'에서 보여줬던 '마라<b>탕후루</b>' '티라미수케익' 등을 불렀다.... ",,https://www.newsis.com/view/NISX20240821_0002857157,https://m.entertain.naver.com/article/003/0012739532
탕후루,,"김범수, 8년 만 캐나다 투어 '여행, 디 오리지널' 성료","'여행, 디 오리지널'은 김범수가 지난 <b>2016</b>년 이후 약 8년 만에 캐나다에서 개최하는 공연이다. 앞서 3개 지역... 김범수는 개인 유튜브 채널을 통해 화제가 되었던 '마라<b>탕후루</b>', '티라미수케익' 등을 명품 라이브로 선보여... ",,https://www.hankookilbo.com/News/Read/A2024082111010004613?did=NA,https://m.entertain.naver.com/article/469/0000818788
탕후루,,"김범수, 8년 만에 캐나다 투어 ‘여행, The Original’ 성료","‘여행, The Original’은 김범수가 지난 <b>2016</b>년 이후 약 8년 만에 캐나다에서 개최하는 공연이다. 앞서 3개... 김범수는 개인 유튜브 채널 ‘김범수 KIM BUM SOO’를 통해 화제가 되었던 ‘마라<b>탕후루</b>’, ‘티라미수케익’... ",,https://www.bntnews.co.kr/article/view/bnt202408210064,https://www.bntnews.co.kr/article/view/bnt202408210064
탕후루,,김범수 8년 만에 캐나다 투어 성료...&quot;뜨거운 성원 덕 많은 힘 얻어&quot;,"'여행, The Original'은 김범수가 <b>2016</b>년 이후 약 8년 만에 캐나다에서 개최하는 공연이다. 앞서 3개 지역 공연이... 김범수는 개인 유튜브 채널 '김범수 KIM BUM SOO'를 통해 화제가 되었던 '마라<b>탕후루</b>', '티라미수케익' 등을... ",,https://www.slist.kr/news/articleView.html?idxno=573467,https://www.slist.kr/news/articleView.html?idxno=573467
탕후루,,"김범수, 단독 콘서트 '여행, The Original' 캐나다 공연 성료.. &quot;함께한 모...","'여행, The Original'은 김범수가 지난 <b>2016</b>년 이후 약 8년 만에 캐나다에서 개최하는 공연이다. 앞서 3개 지역... 김범수는 개인 유튜브 채널 '김범수 KIM BUM SOO'를 통해 화제가 되었던 '마라<b>탕후루</b>', '티라미수케익' 등을 명품... ",,https://www.stardailynews.co.kr/news/articleView.html?idxno=457461,https://www.stardailynews.co.kr/news/articleView.html?idxno=457461
탕후루,,"김범수, 캐나다 투어 '여행, The Original' 성황리 마무리 '종합선물세트...","'여행, The Original'은 김범수가 지난 <b>2016</b>년 이후 약 8년 만에 캐나다에서 개최하는 공연이다. 앞서 3개 지역... 김범수는 개인 유튜브 채널 '김범수 KIM BUM SOO'를 통해 화제가 되었던 '마라<b>탕후루</b>', '티라미수케익' 등을 명품... ",,http://enter.etoday.co.kr/news/view/263797,http://enter.etoday.co.kr/news/view/263797
탕후루,,"김범수, ‘보고싶다’→‘마라<b>탕후루</b>’ 캐나다 뜨겁게 달궜다","‘여행, The Original’은 김범수가 지난 <b>2016</b>년 이후 약 8년 만에 캐나다에서 개최하는 공연이다. 앞서 3개... 김범수는 개인 유튜브 채널 ‘김범수 KIM BUM SOO’를 통해 화제가 되었던 ‘마라<b>탕후루</b>’, ‘티라미수케익’... ",,https://sports.khan.co.kr/news/sk_index.html?art_id=202408211025003&sec_id=540301&pt=nv,https://m.entertain.naver.com/article/144/0000983379
탕후루,,[오늘 뭐 먹지] 농심·오리온·롯데웰푸드 외,국내 붕어빵과 유사한 '타이야끼(Bnh c Taiyaki)'는 <b>2016</b>년부터 베트남 길거리 음식으로 유행하며 대도시... '달콤왕가<b>탕후루</b>(달콤나라앨리스)'가 신메뉴 '설탕 무첨가 <b>탕후루</b>'를 출시해 제로 열풍을 이어간다. 지난 2일 출시한... ,,http://www.newsprime.co.kr/news/article.html?no=651445,http://www.newsprime.co.kr/news/article.html?no=651445
탕후루,,"“식습관, 평생 건강 좌우”…영양정책 필요한 이유 [단짠의 배신⑥]","마라탕 후에 <b>탕후루</b>, 삼겹살 먹고 두바이 초콜릿, 치킨 뒤엔 망고 케이크. 오늘도 ‘단짠의 굴레’에... 2011년 나트륨 저감 정책을 전개하고, 이어 <b>2016</b>년부터는 당류 섭취를 줄이기 위한 방안들을 마련했다. 오는... ",,https://www.kukinews.com/article/view/kuk202408010153,https://www.kukinews.com/article/view/kuk202408010153
탕후루,,"'견미리家' 이유비, 생얼로 나들이 나온 '첫째 공주'…처피뱅에도 굴욕...","이유비는 6일 자신의 인스타그램에 &quot;오늘 하루 포챠코랑 <b>탕후루</b>랑 피자랑 등등&quot; 사진 속에서 이유비는... 해당 주택은 <b>2016</b>년 기준 이미 100억원 이상으로 평가됐으나, 현재는 주변 지가 상승으로 시세가 크게 올랐을... ",,https://tenasia.hankyung.com/article/2024080771294,https://m.entertain.naver.com/article/312/0000674277
탕후루,,요아정→크루키→두바이 초콜릿…Z세대 몰릴 다음 디저트는 '이것'? [솔...,"<b>2016</b>년 등장한 대왕 카스텔라의 선풍적인 인기에 왕좌를 내어줘야 했습니다. 대왕 카스텔라는 길거리에서부터 느껴지는 고소한 냄새, 압도적인 크기, 구름을 연상케 하는 퐁실퐁실한 식감으로 최근의 <b>탕후루</b>와 같은... ",,https://www.etoday.co.kr/news/view/2386650,https://www.etoday.co.kr/news/view/2386650
