keyword,video_id,video_title,video_published,view_count,comment,comment_date,comment_likes
두바이쫀득쿠키,f0cQZsBh4ds,두바이 쫀득쿠키 공개합니다!,2025-10,1663884,영상 퀄리티 무엇인가요! 👍👍두바이에 미쳐서 이것저것 다 만들어도 마시멜로우 들어간것만은 참고 있었는데….만들어야 하나봐요!😝,2025-10-12,83
두바이쫀득쿠키,f0cQZsBh4ds,두바이 쫀득쿠키 공개합니다!,2025-10,1663884,"바삭~쫀득~
단거좋아하지않는데
세상 너무 맛있어요
곰봄님 감사합니다❤❤❤",2026-01-22,9
두바이쫀득쿠키,f0cQZsBh4ds,두바이 쫀득쿠키 공개합니다!,2025-10,1663884,유튜브 보고 우울증 좋아졌어요 ㅠ. 평소에 간식에 관심이 많은데 제가 좋아하는 쿠키 만들어 주시고 ㅠ 정말 감사해요.😢,2026-01-18,11
두바이쫀득쿠키,f0cQZsBh4ds,두바이 쫀득쿠키 공개합니다!,2025-10,1663884,곰봄님 사랑해요 기다렸습니다...🤍💚,2025-10-12,14
두바이쫀득쿠키,f0cQZsBh4ds,두바이 쫀득쿠키 공개합니다!,2025-10,1663884,진짜 러블리하네용🤩,2025-10-12,1
두바이쫀득쿠키,f0cQZsBh4ds,두바이 쫀득쿠키 공개합니다!,2025-10,1663884,깍 ㅋㅋㅋㅋ 기대되요~ 믿고먹는 곰봄님❤,2025-10-13,1
두바이쫀득쿠키,f0cQZsBh4ds,두바이 쫀득쿠키 공개합니다!,2025-10,1663884,🧆두쫀쿠 넘 맛잇겟다ㅣ..🧆,2026-01-08,10
두바이쫀득쿠키,f0cQZsBh4ds,두바이 쫀득쿠키 공개합니다!,2025-10,1663884,❤,2025-12-30,1
두바이쫀득쿠키,f0cQZsBh4ds,두바이 쫀득쿠키 공개합니다!,2025-10,1663884,우와~먹어보고싶다,2026-01-27,3
두바이쫀득쿠키,f0cQZsBh4ds,두바이 쫀득쿠키 공개합니다!,2025-10,1663884,넘마시겟다😢😢,2026-01-16,3
두바이쫀득쿠키,f0cQZsBh4ds,두바이 쫀득쿠키 공개합니다!,2025-10,1663884,맛나보여요❤,2026-01-23,1
두바이쫀득쿠키,f0cQZsBh4ds,두바이 쫀득쿠키 공개합니다!,2025-10,1663884,맜있음❤,2026-01-18,2
두바이쫀득쿠키,f0cQZsBh4ds,두바이 쫀득쿠키 공개합니다!,2025-10,1663884,비주얼 최고에요^^,2026-01-22,1
두바이쫀득쿠키,f0cQZsBh4ds,두바이 쫀득쿠키 공개합니다!,2025-10,1663884,와 카다이프 진짜 가득차있어서 맛있어보여요...,2026-01-02,3
두바이쫀득쿠키,f0cQZsBh4ds,두바이 쫀득쿠키 공개합니다!,2025-10,1663884,맛있겠다😮,2026-02-02,1
두바이쫀득쿠키,f0cQZsBh4ds,두바이 쫀득쿠키 공개합니다!,2025-10,1663884,오 와 멋져 요^^.♡,2026-01-21,1
두바이쫀득쿠키,f0cQZsBh4ds,두바이 쫀득쿠키 공개합니다!,2025-10,1663884,❤츄릅,2026-05-03,1
두바이쫀득쿠키,f0cQZsBh4ds,두바이 쫀득쿠키 공개합니다!,2025-10,1663884,맛있겠다....,2026-02-04,0
두바이쫀득쿠키,f0cQZsBh4ds,두바이 쫀득쿠키 공개합니다!,2025-10,1663884,"와 진짜 엄청 맛있어보여요 ,,",2026-04-02,1
두바이쫀득쿠키,f0cQZsBh4ds,두바이 쫀득쿠키 공개합니다!,2025-10,1663884,주문했음.설레네요,2026-02-04,1
두바이쫀득쿠키,f0cQZsBh4ds,두바이 쫀득쿠키 공개합니다!,2025-10,1663884,🎉맛있겠다 ㅋㅋㅋㅋ,2026-05-03,1
두바이쫀득쿠키,f0cQZsBh4ds,두바이 쫀득쿠키 공개합니다!,2025-10,1663884,맛있겠다,2026-02-04,0
두바이쫀득쿠키,f0cQZsBh4ds,두바이 쫀득쿠키 공개합니다!,2025-10,1663884,이거 시중에 파는 찰떡파이랑 맛이 비슷하다😊,2026-01-25,0
두바이쫀득쿠키,f0cQZsBh4ds,두바이 쫀득쿠키 공개합니다!,2025-10,1663884,딸기 두쫀쿠 왜 안나오나 했는데 요즘에 스멀스멀 올라오네 그리고 사실 난 찹쌀 두쫀이가 좋은데 팔지 않아..,2026-01-08,1
두바이쫀득쿠키,f0cQZsBh4ds,두바이 쫀득쿠키 공개합니다!,2025-10,1663884,"은혜받은 곰봄팀원 여깄습니다~ ㅎㅎㅎ
쫀득과 바삭의 절묘한 궁합!!
범푸로님은 전생에 나라를 구했나봅니다 ㅎㅎ
저희 동네 두쫀쿠 맛집보다 백배는 더 맛있습니다 !!! 감사히 잘 먹었습니다~~❤",2026-01-22,0
두바이쫀득쿠키,f0cQZsBh4ds,두바이 쫀득쿠키 공개합니다!,2025-10,1663884,"맛있으면모해요

호기심에 샀는데


한개에 7000원 정도였어요",2026-02-22,1
두바이쫀득쿠키,f0cQZsBh4ds,두바이 쫀득쿠키 공개합니다!,2025-10,1663884,나 지금 두쫀쿠 먹고 있는데😅,2026-01-08,2
두바이쫀득쿠키,f0cQZsBh4ds,두바이 쫀득쿠키 공개합니다!,2025-10,1663884,이걸 이렇게 비싸게 사멱다니 미춋어 금빵이야,2026-01-29,0
두바이쫀득쿠키,f0cQZsBh4ds,두바이 쫀득쿠키 공개합니다!,2025-10,1663884,우와!!!!!!맞있겠더,2026-02-28,0
두바이쫀득쿠키,f0cQZsBh4ds,두바이 쫀득쿠키 공개합니다!,2025-10,1663884,여기가 내 누울 자리다 아름답다 저두 이거보고따라할래영❤,2026-01-06,5
두바이쫀득쿠키,f0cQZsBh4ds,두바이 쫀득쿠키 공개합니다!,2025-10,1663884,Можно рецепт,2026-01-13,0
두바이쫀득쿠키,f0cQZsBh4ds,두바이 쫀득쿠키 공개합니다!,2025-10,1663884,🧆🧆🧆🧆🧆,2026-01-16,0
두바이쫀득쿠키,f0cQZsBh4ds,두바이 쫀득쿠키 공개합니다!,2025-10,1663884,wow,2026-05-09,0
두바이쫀득쿠키,f0cQZsBh4ds,두바이 쫀득쿠키 공개합니다!,2025-10,1663884,"와 저도 한번 만들어 보고싶은데 !
너무 재료들이 비싸네요..흑",2026-01-13,0
두바이쫀득쿠키,f0cQZsBh4ds,두바이 쫀득쿠키 공개합니다!,2025-10,1663884,🧆 맛있겠당🧆,2026-02-15,1
두바이쫀득쿠키,f0cQZsBh4ds,두바이 쫀득쿠키 공개합니다!,2025-10,1663884,견과류 알레르기는 울고갑니다….,2026-01-19,1
두바이쫀득쿠키,f0cQZsBh4ds,두바이 쫀득쿠키 공개합니다!,2025-10,1663884,깔씀하다😀꧁⍢⃝꧂,2026-01-15,0
두바이쫀득쿠키,f0cQZsBh4ds,두바이 쫀득쿠키 공개합니다!,2025-10,1663884,두바이 디저트중에서 난 내가 먹은게 제일 충격이었음 ~~~1등임,2026-01-12,1
두바이쫀득쿠키,f0cQZsBh4ds,두바이 쫀득쿠키 공개합니다!,2025-10,1663884,"나는 서울유명한 디저트가게 두쫀쿠 산물받은거 안먹어서 냉장고에 쌓여있는데

도데체 뭐가 맛잇는거지??",2026-01-18,0
두바이쫀득쿠키,f0cQZsBh4ds,두바이 쫀득쿠키 공개합니다!,2025-10,1663884,可以給食譜嗎,2026-02-02,1
두바이쫀득쿠키,f0cQZsBh4ds,두바이 쫀득쿠키 공개합니다!,2025-10,1663884,이보단 찹쌀모찌가 낫다.,2026-02-08,1
두바이쫀득쿠키,f0cQZsBh4ds,두바이 쫀득쿠키 공개합니다!,2025-10,1663884,이거 먹어보질 못했는데 맛있나요? 사람 입맛보다 다르겠지만 일반 초코칩 쿠키 두쫀쿠 어떤게 더맛있나요?,2026-01-21,1
두바이쫀득쿠키,f0cQZsBh4ds,두바이 쫀득쿠키 공개합니다!,2025-10,1663884,저이집에 매뉴가 없어요 ㅠㅠ,2026-01-06,1
두바이쫀득쿠키,f0cQZsBh4ds,두바이 쫀득쿠키 공개합니다!,2025-10,1663884,안녕하세요! 저는 마시멜로우를 감싸니 너무뭉쳐져서 그쪽만 두꺼워지던데 ㅠ ㅠ 왜그런걸까요,2025-12-28,0
두바이쫀득쿠키,f0cQZsBh4ds,두바이 쫀득쿠키 공개합니다!,2025-10,1663884,두쫀쿠도 못 사주는 남친은 거르는 게 답이다.,2026-01-14,1
두바이쫀득쿠키,f0cQZsBh4ds,두바이 쫀득쿠키 공개합니다!,2025-10,1663884,쉬운데?,2026-02-05,0
두바이쫀득쿠키,f0cQZsBh4ds,두바이 쫀득쿠키 공개합니다!,2025-10,1663884,저 지푸라기 같은게 카다이프임?,2025-12-29,0
두바이쫀득쿠키,f0cQZsBh4ds,두바이 쫀득쿠키 공개합니다!,2025-10,1663884,레시피대로 만들었는데 마시멜로우를 피로 분할할때부터 조금씩 굳으면서 질겨지더라구요... ! 원래 이런건가요??,2025-12-27,3
두바이쫀득쿠키,f0cQZsBh4ds,두바이 쫀득쿠키 공개합니다!,2025-10,1663884,안녕하세요. 채널A 콘텐츠제작팀입니다. 이 영상을 출처 기재하고 사용해도 될까요?,2026-01-14,0
두바이쫀득쿠키,f0cQZsBh4ds,두바이 쫀득쿠키 공개합니다!,2025-10,1663884,이걸 먹어보니까 으음 왜 인기있는지알긋당 ㅋ 편의점에서 두개 6500원 ㄷㄷ가격 나에겐비쌈 ㅋ근데 사먹었는데 으음 나쁘지않음,2026-03-03,0
두바이쫀득쿠키,f0cQZsBh4ds,두바이 쫀득쿠키 공개합니다!,2025-10,1663884,정작. 두바이에는. 없음,2026-01-30,1
두바이쫀득쿠키,f0cQZsBh4ds,두바이 쫀득쿠키 공개합니다!,2025-10,1663884,두쫀쿠 지인중 누가 사와서 나눠주길래 받아서 2개 정도 먹어봤는데 너무 달아서 비추합니다.,2026-03-06,0
두바이쫀득쿠키,f0cQZsBh4ds,두바이 쫀득쿠키 공개합니다!,2025-10,1663884,화이트초콜릿 넣고 안 넣고 차이 큰가요?...,2025-12-26,4
두바이쫀득쿠키,f0cQZsBh4ds,두바이 쫀득쿠키 공개합니다!,2025-10,1663884,난 별거 없던데 ~유행이라면 너두나두,2026-01-12,0
두바이쫀득쿠키,f0cQZsBh4ds,두바이 쫀득쿠키 공개합니다!,2025-10,1663884,카다이프 스프레드랑 섞기전에 식혀야해요?,2026-01-14,0
두바이쫀득쿠키,f0cQZsBh4ds,두바이 쫀득쿠키 공개합니다!,2025-10,1663884,두쫀쿠 왜 못사서 안달인지 이해 못하겠어요 두바이에서 만든초콜릿도아니고 두바이나라가 인기있는 나라인가 재료가 피스타치오 카다이프 흔히보이는 코코아가루이용해서뭍힌거 뿐인데 1개 사는데 너무 비싸다,2026-01-27,1
두바이쫀득쿠키,f0cQZsBh4ds,두바이 쫀득쿠키 공개합니다!,2025-10,1663884,너무 달것같은데😅,2026-01-08,1
두바이쫀득쿠키,f0cQZsBh4ds,두바이 쫀득쿠키 공개합니다!,2025-10,1663884,카다이프인가용 국수인가용??,2025-11-27,3
두바이쫀득쿠키,f0cQZsBh4ds,두바이 쫀득쿠키 공개합니다!,2025-10,1663884,엄,2026-01-22,1
두바이쫀득쿠키,f0cQZsBh4ds,두바이 쫀득쿠키 공개합니다!,2025-10,1663884,피스타치오는 가루 쓰나여~??,2026-03-10,1
두바이쫀득쿠키,f0cQZsBh4ds,두바이 쫀득쿠키 공개합니다!,2025-10,1663884,만들고 친구들 나눠주려는데 학교가져가야하는데 꼭 냉장보관인가여.?.?.??,2025-12-14,2
두바이쫀득쿠키,f0cQZsBh4ds,두바이 쫀득쿠키 공개합니다!,2025-10,1663884,"먹어봤는데 그렇게 맛있다는 생각은 안들던데...
너무 비싸서 돈아까웠어요
맛있다고 유튜버에서 난리던데
그정도는 아니었어요",2026-02-12,0
두바이쫀득쿠키,f0cQZsBh4ds,두바이 쫀득쿠키 공개합니다!,2025-10,1663884,매번 만들거 자랑만 하고 레시피 안알려줌,2025-11-09,6
두바이쫀득쿠키,f0cQZsBh4ds,두바이 쫀득쿠키 공개합니다!,2025-10,1663884,큰거 한 개당 얼만가요?,2026-04-25,0
두바이쫀득쿠키,f0cQZsBh4ds,두바이 쫀득쿠키 공개합니다!,2025-10,1663884,무슨맛이에요?,2026-02-06,1
두바이쫀득쿠키,f0cQZsBh4ds,두바이 쫀득쿠키 공개합니다!,2025-10,1663884,가격은 얼마여요?,2026-02-01,1
두바이쫀득쿠키,f0cQZsBh4ds,두바이 쫀득쿠키 공개합니다!,2025-10,1663884,왠지 징그럽노...,2026-01-13,0
두바이쫀득쿠키,f0cQZsBh4ds,두바이 쫀득쿠키 공개합니다!,2025-10,1663884,내용물 징그럽네요...,2026-02-03,0
두바이쫀득쿠키,f0cQZsBh4ds,두바이 쫀득쿠키 공개합니다!,2025-10,1663884,하나 먹어봤는데 음식 치고는 그렇다. 칼로리폭탄에다 너무 달어 ㅋㅋ 돈주고 사먹을 것 같지는 않다. 하기야 사람마다 식성이 다르니.,2026-04-04,0
두바이쫀득쿠키,f0cQZsBh4ds,두바이 쫀득쿠키 공개합니다!,2025-10,1663884,레시피는 어디서.확인하나요?,2025-10-12,11
두바이쫀득쿠키,f0cQZsBh4ds,두바이 쫀득쿠키 공개합니다!,2025-10,1663884,코끼리 똥같네~,2026-01-27,0
두바이쫀득쿠키,f0cQZsBh4ds,두바이 쫀득쿠키 공개합니다!,2025-10,1663884,맛있겠다❤,2026-02-07,1
두바이쫀득쿠키,AcS7iER9qUo,요즘 난리난 ‘두바이 쫀득쿠키’… 그 원조가 누구냐고요?,2025-10,9148243,멋있는 분이시네...개발하신것도 대단한데 따라해줘서 유명해졌다는 대인배적 마인드가 훌륭하시다.,2026-01-14,3598
두바이쫀득쿠키,AcS7iER9qUo,요즘 난리난 ‘두바이 쫀득쿠키’… 그 원조가 누구냐고요?,2025-10,9148243,전국 배아픈 카페 사장님들 몰려오셨내ㅋㅋㅋ,2025-12-31,5613
두바이쫀득쿠키,AcS7iER9qUo,요즘 난리난 ‘두바이 쫀득쿠키’… 그 원조가 누구냐고요?,2025-10,9148243,백종원 : 그거사실 30년전에 내가먼저 개발했어유.,2026-01-20,543
두바이쫀득쿠키,AcS7iER9qUo,요즘 난리난 ‘두바이 쫀득쿠키’… 그 원조가 누구냐고요?,2025-10,9148243,"사람들 진짜×1000 꼬였구나
홍보영상찍으니까 얼굴 노출하려고 마스크 안쓰는거고 원조라는거 이렇게 착한 멘트로 어필하는게 아니꼽나봄. 지들보다 그릇큰 사람이 있다는게 인정이 안되나봄😂",2026-01-02,3586
두바이쫀득쿠키,AcS7iER9qUo,요즘 난리난 ‘두바이 쫀득쿠키’… 그 원조가 누구냐고요?,2025-10,9148243,"아 원조구나
대박나세요~
 원래 원조가 최고임",2026-01-17,1742
두바이쫀득쿠키,AcS7iER9qUo,요즘 난리난 ‘두바이 쫀득쿠키’… 그 원조가 누구냐고요?,2025-10,9148243,나 같으면 겁나 안좋을거같은데 오히려 감사하다고 하는 사장님이 대단하네,2026-01-27,80
두바이쫀득쿠키,AcS7iER9qUo,요즘 난리난 ‘두바이 쫀득쿠키’… 그 원조가 누구냐고요?,2025-10,9148243,댓글꼬라지보니깐 두쫀쿠 먹을땐 여기서 사먹어야겠다,2026-01-01,2025
두바이쫀득쿠키,AcS7iER9qUo,요즘 난리난 ‘두바이 쫀득쿠키’… 그 원조가 누구냐고요?,2025-10,9148243,"악플 : 1%
악플을 욕하는 댓글 : 99%",2026-01-14,2655
두바이쫀득쿠키,AcS7iER9qUo,요즘 난리난 ‘두바이 쫀득쿠키’… 그 원조가 누구냐고요?,2025-10,9148243,이젠 그냥 신기하다,2026-04-29,4
두바이쫀득쿠키,AcS7iER9qUo,요즘 난리난 ‘두바이 쫀득쿠키’… 그 원조가 누구냐고요?,2025-10,9148243,마인드가 정말 좋으시다 첫개발자의 두쫀볼 먹어보고 싶다,2026-01-12,50
두바이쫀득쿠키,AcS7iER9qUo,요즘 난리난 ‘두바이 쫀득쿠키’… 그 원조가 누구냐고요?,2025-10,9148243,댓글 덕분에 이곳으로 가야겠다는 마음이 확고해짐ㅋㅋㅋㅋㅋㅋㅋ,2026-01-13,201
두바이쫀득쿠키,AcS7iER9qUo,요즘 난리난 ‘두바이 쫀득쿠키’… 그 원조가 누구냐고요?,2025-10,9148243,두쫀쿠 진짜 관심없었는데 쇼츠 보고 바로 주문했어요!!^^  짧은 영상이지만 뭔가 정직하고 열심히 살아오신 분 같아서 응원하고 싶네요!!,2026-01-18,0
두바이쫀득쿠키,AcS7iER9qUo,요즘 난리난 ‘두바이 쫀득쿠키’… 그 원조가 누구냐고요?,2025-10,9148243,사장님 아이디어 멋져요. 덕분에 많은 사람들이 맛있게 먹구. 한국 쿠키로 유명세도 타요. ❤,2026-01-15,22
두바이쫀득쿠키,AcS7iER9qUo,요즘 난리난 ‘두바이 쫀득쿠키’… 그 원조가 누구냐고요?,2025-10,9148243,올해 4월달인가 5월달쯤 사먹었던 기억이 나긴하는데.. 그때 이렇게 유행하기 전이라 초반에 만드신건 맞는듯싶네요.,2025-12-26,62
두바이쫀득쿠키,AcS7iER9qUo,요즘 난리난 ‘두바이 쫀득쿠키’… 그 원조가 누구냐고요?,2025-10,9148243,"예전부터 멋있는 분인건 알았어요ㅋㅋ!! 잘되셔서 제가 다 기분이 좋습니다! 
행복한 새해 되세요!!❤",2026-01-23,0
두바이쫀득쿠키,AcS7iER9qUo,요즘 난리난 ‘두바이 쫀득쿠키’… 그 원조가 누구냐고요?,2025-10,9148243,"두바이 쫀득쿠키보다  뒤에 백그라운드에 에베레스트 냉장고 
내가 as하는 브랜드임 부성냉장고 국내기업이고  국내 제조생산합니다
비싸지만 좋은 중견기업 냉장고임 식당사장님들 많이 써주세요 ㅋㅋㅋㅋ",2026-01-15,698
두바이쫀득쿠키,AcS7iER9qUo,요즘 난리난 ‘두바이 쫀득쿠키’… 그 원조가 누구냐고요?,2025-10,9148243,두쫀쿠 만드는 카페들은 이 사람한테 고마워해야지ㅋㅋ,2026-01-11,237
두바이쫀득쿠키,AcS7iER9qUo,요즘 난리난 ‘두바이 쫀득쿠키’… 그 원조가 누구냐고요?,2025-10,9148243,근데 진짜 원조 맞으세요?,2026-02-08,23
두바이쫀득쿠키,AcS7iER9qUo,요즘 난리난 ‘두바이 쫀득쿠키’… 그 원조가 누구냐고요?,2025-10,9148243,이분이. 원조 아닌가? 두쫀쿠 유행하기전에 틱톡에서 영상으로 본거같은데,2026-01-11,604
두바이쫀득쿠키,AcS7iER9qUo,요즘 난리난 ‘두바이 쫀득쿠키’… 그 원조가 누구냐고요?,2025-10,9148243,댓글 왤케 호들갑이노 침 뱉은줄ㅋㅋㅋㅋ 하나 사먹고 싶긴 하네,2026-01-03,320
두바이쫀득쿠키,AcS7iER9qUo,요즘 난리난 ‘두바이 쫀득쿠키’… 그 원조가 누구냐고요?,2025-10,9148243,진짜 대인배 이시다+_+ 흥하셨으면 좋겠습니다 몬트쿠키!!!,2026-01-22,9
두바이쫀득쿠키,AcS7iER9qUo,요즘 난리난 ‘두바이 쫀득쿠키’… 그 원조가 누구냐고요?,2025-10,9148243,"댓글 다 왜이래…(두쫀쿠 맛있겠드아, 여기가 원조인줄은 처음 알았네용 다음에 두쫀쿠 먹을덴 여기서도 먹어봐야겠어용)",2026-01-04,15
두바이쫀득쿠키,AcS7iER9qUo,요즘 난리난 ‘두바이 쫀득쿠키’… 그 원조가 누구냐고요?,2025-10,9148243,아니ㅜㅋㅋㅋㅋㅋ 광고영상에 무슨 마스크를 요구해 ㅋㅋ ㅠㅠ,2026-01-09,237
두바이쫀득쿠키,AcS7iER9qUo,요즘 난리난 ‘두바이 쫀득쿠키’… 그 원조가 누구냐고요?,2025-10,9148243,"아니 근데요 솔직히 맨날 영상마다 사장님몰래 대표님 몰래 비밀링크 보내준다면서 댓글 적어도 링크 안보내주시고 심지어 자기가 사장이면서 이렇게 까지 돈벌고 싶으신마음은아는데 
사람들 평판도 점점 않좋아지는데 가격은 비싸지고 양은 적어지고 마시멜로는 두껍고 
적어도 댓글 관리나 댓글에 하트라도 달아주시는 성의가 없으신가요 그냥 링크 보내준다고 하셨으면 링크라도 보내주세요 ..",2026-02-13,14
두바이쫀득쿠키,AcS7iER9qUo,요즘 난리난 ‘두바이 쫀득쿠키’… 그 원조가 누구냐고요?,2025-10,9148243,애초에 두바이초콜릿 자체가 모든 가게가 다 따라 만드는거였는데 뭐 억울하고 말고 할 게 있나,2025-10-30,1973
두바이쫀득쿠키,AcS7iER9qUo,요즘 난리난 ‘두바이 쫀득쿠키’… 그 원조가 누구냐고요?,2025-10,9148243,맘씨도 예쁜 사장님이네요,2026-01-16,139
두바이쫀득쿠키,AcS7iER9qUo,요즘 난리난 ‘두바이 쫀득쿠키’… 그 원조가 누구냐고요?,2025-10,9148243,"우와 두쫀쿠 개발자 분을 뵙게 되네요. 타 업장에서 먹어보긴 했지만, 어떻게 이런 상품을 만드셨는지 진짜 엄청 맛있었습니다. 사업 번창하시고 다음에 또 이렇게 엄청난 상품 만드시면 꼭 알려주세요!",2026-01-19,1
두바이쫀득쿠키,AcS7iER9qUo,요즘 난리난 ‘두바이 쫀득쿠키’… 그 원조가 누구냐고요?,2025-10,9148243,여기 댓글왜이럼 당황스럽네,2025-12-29,2006
두바이쫀득쿠키,AcS7iER9qUo,요즘 난리난 ‘두바이 쫀득쿠키’… 그 원조가 누구냐고요?,2025-10,9148243,댓글보니까 꼭 여기서 주문해먹어야겠다ㅋㅋㅋ,2026-01-14,85
두바이쫀득쿠키,AcS7iER9qUo,요즘 난리난 ‘두바이 쫀득쿠키’… 그 원조가 누구냐고요?,2025-10,9148243,"여기 아니래요 원조😂😂😂
원조인척 하고 영상 안내리는거 보면 진짜..😂😂",2026-02-08,45
두바이쫀득쿠키,AcS7iER9qUo,요즘 난리난 ‘두바이 쫀득쿠키’… 그 원조가 누구냐고요?,2025-10,9148243,"영상 사장님 전완근 보니 찐이다 !!!!!!!
한사람의 움직임이 세상을 바꾼다는 말 실감하네요 !!!!!
번창하세요 !!!!!!!!!",2026-01-10,17
두바이쫀득쿠키,AcS7iER9qUo,요즘 난리난 ‘두바이 쫀득쿠키’… 그 원조가 누구냐고요?,2025-10,9148243,대인배시네요.. 흥하세요❤,2026-01-17,41
두바이쫀득쿠키,AcS7iER9qUo,요즘 난리난 ‘두바이 쫀득쿠키’… 그 원조가 누구냐고요?,2025-10,9148243,근데 4개에 25000원이 넘고 저번에  기계 오류로 카디이프가 검나 조금만 들어가 있던데 환불은 해주셨나요?,2026-02-16,46
두바이쫀득쿠키,AcS7iER9qUo,요즘 난리난 ‘두바이 쫀득쿠키’… 그 원조가 누구냐고요?,2025-10,9148243,인간들 남한테는 진짜 존나 엄격하네 본인들한테 이리 엄격했으면 미국도 잡았겠다 ㅋㅋㅋㅋ,2025-12-30,1288
두바이쫀득쿠키,AcS7iER9qUo,요즘 난리난 ‘두바이 쫀득쿠키’… 그 원조가 누구냐고요?,2025-10,9148243,"이상한 댓글 쓰는 사람들 다 경쟁업체 사장님인듯
일반소비자가 보기에는 전혀 문제 없는 영상인데",2026-01-07,249
두바이쫀득쿠키,AcS7iER9qUo,요즘 난리난 ‘두바이 쫀득쿠키’… 그 원조가 누구냐고요?,2025-10,9148243,얼굴이 저 두바이같이 생겼네,2026-03-03,16
두바이쫀득쿠키,AcS7iER9qUo,요즘 난리난 ‘두바이 쫀득쿠키’… 그 원조가 누구냐고요?,2025-10,9148243,두바이 마카롱 같은것도 맛있을것 같아요!,2025-10-25,33
두바이쫀득쿠키,AcS7iER9qUo,요즘 난리난 ‘두바이 쫀득쿠키’… 그 원조가 누구냐고요?,2025-10,9148243,존나 딜라이틴쿠키사장미있당,2025-12-25,156
두바이쫀득쿠키,AcS7iER9qUo,요즘 난리난 ‘두바이 쫀득쿠키’… 그 원조가 누구냐고요?,2025-10,9148243,아ㅠㅠㅠ 진짜 사장님 너무 좋은 마인드 갖고 계신다🔥 이렇게 빵터져서 잘되면 원조를 찾기마련이고 원조는 원조다 하고 다른 카페도 같이 공생하는거지ㅡ 저도 오늘 다른 곳에서 파는 거 먹어봤는데 신기하더라구요 ㅎㅎㅎㅎ 더 흥하세요 사장님!!!,2026-01-21,1
두바이쫀득쿠키,AcS7iER9qUo,요즘 난리난 ‘두바이 쫀득쿠키’… 그 원조가 누구냐고요?,2025-10,9148243,얼굴이 쫀득 쿠키 같아요.,2026-02-15,11
두바이쫀득쿠키,AcS7iER9qUo,요즘 난리난 ‘두바이 쫀득쿠키’… 그 원조가 누구냐고요?,2025-10,9148243,님처럼 꼬인 사람들은 먹고 맛없다고 리뷰 남길바엔 안먹는게 맞다 생각함 ㅋㅋㅋㅋ 잘 생각했어요ㅎㅎ,2025-12-30,9
두바이쫀득쿠키,AcS7iER9qUo,요즘 난리난 ‘두바이 쫀득쿠키’… 그 원조가 누구냐고요?,2025-10,9148243,"마쉬멜로우 피+ 피스타치오 스프레드 조합과 두쫀쿠라는 명칭을 처음 사용한건 달라또, 지금 현재 대중들에게 널리 알려진 형태의 두쫀쿠를 처음 만든건 몬트쿠키임",2026-02-08,2
두바이쫀득쿠키,AcS7iER9qUo,요즘 난리난 ‘두바이 쫀득쿠키’… 그 원조가 누구냐고요?,2025-10,9148243,"원조 쿠키 사장님이 똑똑하신 분이셨네요. 상업화랑 개발은 다른 분야고, 우리가 접하는 많은 유명 프렌차이즈 레시피들은 원조가 다 따로 있어요. 물론 원조 개발자로서 화가 날수도 있죠. 근데 상업화 시킨 분 아니었으면 이렇게까지 유명해지진 못했을 수도 있음. 시장구조와 마케팅 방식이 적절하게 맞아떨어진 결과임. 원조 두바이쫀득쿠키집 꼭 방문할게요~",2026-01-18,25
두바이쫀득쿠키,AcS7iER9qUo,요즘 난리난 ‘두바이 쫀득쿠키’… 그 원조가 누구냐고요?,2025-10,9148243,"진짜 불편러들 지들이 당하면 고소 존나 남발할 것들이..
걍 경쟁 업체 알바들인듯",2026-01-11,48
두바이쫀득쿠키,AcS7iER9qUo,요즘 난리난 ‘두바이 쫀득쿠키’… 그 원조가 누구냐고요?,2025-10,9148243,백종원:어 그거요? 그거 원래 제가 최초에유 ~,2026-04-04,2
두바이쫀득쿠키,AcS7iER9qUo,요즘 난리난 ‘두바이 쫀득쿠키’… 그 원조가 누구냐고요?,2025-10,9148243,백: 두쫀이유? 그거 제가 원조에유,2026-01-17,33
두바이쫀득쿠키,AcS7iER9qUo,요즘 난리난 ‘두바이 쫀득쿠키’… 그 원조가 누구냐고요?,2025-10,9148243,근데 저때 만드는거랑 왜 리뷰에 나온 거랑 크기가 다름? 딱봐도 2배 차이나네,2026-02-16,115
두바이쫀득쿠키,AcS7iER9qUo,요즘 난리난 ‘두바이 쫀득쿠키’… 그 원조가 누구냐고요?,2025-10,9148243,걍 달라또랑 몬트쿠키중에 더 먼저 한 사람이 최초아님?,2026-02-20,2
두바이쫀득쿠키,AcS7iER9qUo,요즘 난리난 ‘두바이 쫀득쿠키’… 그 원조가 누구냐고요?,2025-10,9148243,"만든 사장님이 쿠키집이라 쫀득쿠키라고 이름을 한 모양이네
실제로는 떡이잖아",2026-03-23,3
두바이쫀득쿠키,AcS7iER9qUo,요즘 난리난 ‘두바이 쫀득쿠키’… 그 원조가 누구냐고요?,2025-10,9148243,"오~~~대인배~~!!!!
올바른 비즈니스 마인드",2026-01-17,5
두바이쫀득쿠키,AcS7iER9qUo,요즘 난리난 ‘두바이 쫀득쿠키’… 그 원조가 누구냐고요?,2025-10,9148243,그러게요!  어떻게 저렇게 만들 생각을 하셨을까요!  너무 궁금하네요~,2026-01-30,1
두바이쫀득쿠키,AcS7iER9qUo,요즘 난리난 ‘두바이 쫀득쿠키’… 그 원조가 누구냐고요?,2025-10,9148243,마인드가 대박이네... 역시 원조다운 배포다,2026-02-02,9
두바이쫀득쿠키,AcS7iER9qUo,요즘 난리난 ‘두바이 쫀득쿠키’… 그 원조가 누구냐고요?,2025-10,9148243,위생 진짜 마스크 끼고 근무 하기는 하는갚,2026-02-16,8
두바이쫀득쿠키,AcS7iER9qUo,요즘 난리난 ‘두바이 쫀득쿠키’… 그 원조가 누구냐고요?,2025-10,9148243,다 같이 잘살자 마음이 너무 예뻐서 ❤,2026-01-20,2
두바이쫀득쿠키,AcS7iER9qUo,요즘 난리난 ‘두바이 쫀득쿠키’… 그 원조가 누구냐고요?,2025-10,9148243,잉 …? 댓글 왜이래…?,2025-12-29,177
두바이쫀득쿠키,AcS7iER9qUo,요즘 난리난 ‘두바이 쫀득쿠키’… 그 원조가 누구냐고요?,2025-10,9148243,너무 멋지세요❤😊,2026-01-18,1
두바이쫀득쿠키,AcS7iER9qUo,요즘 난리난 ‘두바이 쫀득쿠키’… 그 원조가 누구냐고요?,2025-10,9148243,파스타치오 견과류 좋아하던 1인으로써 가격 ㅈㄴ 올려놓은 이분 원망스러움,2026-01-26,4
두바이쫀득쿠키,AcS7iER9qUo,요즘 난리난 ‘두바이 쫀득쿠키’… 그 원조가 누구냐고요?,2025-10,9148243,"그냥 딱 정리해줌.
위생 문제에 불편 할 수 있음.
근데  고든램지 헬스키친이든 흑백요리사든 마스크 안끼고 침튀기는 영상 뒤지게 많은데.
여기서 비방글 다는게 꼴보기 싫다는거임.",2026-01-07,19
두바이쫀득쿠키,AcS7iER9qUo,요즘 난리난 ‘두바이 쫀득쿠키’… 그 원조가 누구냐고요?,2025-10,9148243,"파스타치오, 마시멜로우 원산지가 어디인가요?",2026-01-26,1
두바이쫀득쿠키,AcS7iER9qUo,요즘 난리난 ‘두바이 쫀득쿠키’… 그 원조가 누구냐고요?,2025-10,9148243,제발 저 믿고 피 얇게 해보세요;;,2026-02-17,3
두바이쫀득쿠키,AcS7iER9qUo,요즘 난리난 ‘두바이 쫀득쿠키’… 그 원조가 누구냐고요?,2025-10,9148243,"아니 무슨ㅋㅋㅋ댓글 왜이럼???
영상찍는다고 잠깐 마스크 벗고 말할수도 있는거지 계속 댓에 저러니까 안팔리지 하는데 님들이 사먹지를 말던가 자꾸 여기 찾아와서 악플남기지말고 자기 할일이나 잘하세요",2025-12-31,65
두바이쫀득쿠키,AcS7iER9qUo,요즘 난리난 ‘두바이 쫀득쿠키’… 그 원조가 누구냐고요?,2025-10,9148243,"여기가 원조니까 여기에서 사먹어야 겠다 
(문득 쿠키)
 되게 멋지신 분 이다 
(굿~)
마음도 넓으셔서 좋아요",2026-02-03,1
두바이쫀득쿠키,AcS7iER9qUo,요즘 난리난 ‘두바이 쫀득쿠키’… 그 원조가 누구냐고요?,2025-10,9148243,모양만 여기가 먼저 개발한거지 카다이프에 마시멜로 등등 원천기술(?)은 달라또가 먼저 아닌가 ㅋㅋㅋㅋㅋ,2026-02-05,16
두바이쫀득쿠키,AcS7iER9qUo,요즘 난리난 ‘두바이 쫀득쿠키’… 그 원조가 누구냐고요?,2025-10,9148243,왜 배가 아프지? 난 저 심리 저런 생각 자체가 오죽 찌질하면 이런 생각이 든다잉,2026-02-17,3
두바이쫀득쿠키,AcS7iER9qUo,요즘 난리난 ‘두바이 쫀득쿠키’… 그 원조가 누구냐고요?,2025-10,9148243,생활의달인 나오신거 축하합니다!!🎉,2026-01-26,0
두바이쫀득쿠키,AcS7iER9qUo,요즘 난리난 ‘두바이 쫀득쿠키’… 그 원조가 누구냐고요?,2025-10,9148243,폭삭 속앗수다 현숙이 닮았어요ㅋㅋㅋㅋ,2025-10-27,8
두바이쫀득쿠키,AcS7iER9qUo,요즘 난리난 ‘두바이 쫀득쿠키’… 그 원조가 누구냐고요?,2025-10,9148243,여기 개맛있음 최근ㄷ에 주문했는데 요거트 딸기 ㅈㅂ 먹어보셈 새콤하고 달콤 흐흐흐 포장 낱개로 되서 좋으,2025-10-27,11
두바이쫀득쿠키,AcS7iER9qUo,요즘 난리난 ‘두바이 쫀득쿠키’… 그 원조가 누구냐고요?,2025-10,9148243,"사장님 덕분에 저도 우리동네 카페에서 사서
방금 먹어봤어요 참 맛있네요 기대이상임",2026-01-24,0
두바이쫀득쿠키,AcS7iER9qUo,요즘 난리난 ‘두바이 쫀득쿠키’… 그 원조가 누구냐고요?,2025-10,9148243,여기 두쫀쿠는 지금 유행하는것보다 맛이 깔끔함. 파우더가 안뿌려졌는데도 맛있음,2026-01-19,8
두바이쫀득쿠키,AcS7iER9qUo,요즘 난리난 ‘두바이 쫀득쿠키’… 그 원조가 누구냐고요?,2025-10,9148243,"겸손한것 보소
발전의  기본소양은 겸손이라죠",2026-01-19,9
두바이쫀득쿠키,AcS7iER9qUo,요즘 난리난 ‘두바이 쫀득쿠키’… 그 원조가 누구냐고요?,2025-10,9148243,정말 대단해요!!!,2026-01-24,0
두바이쫀득쿠키,AcS7iER9qUo,요즘 난리난 ‘두바이 쫀득쿠키’… 그 원조가 누구냐고요?,2025-10,9148243,사장님 왜 욕먹음...? 같은 방식으로 개인카페 레시피 대기업에서 가져갔다고하면 대기업을 엄청 욕하는데 본인 레시피를 남들이 가져갔다고 이야기하고 싶을수도 있지 왜 이렇게 비난조가 가득하지? 개인카페들이 요즘 두바이매출 나오는게 얼만데 아무도 언급없는데 억울하실수도 있지,2026-01-01,14
두바이쫀득쿠키,AcS7iER9qUo,요즘 난리난 ‘두바이 쫀득쿠키’… 그 원조가 누구냐고요?,2025-10,9148243,유행에 미친 나라,2026-01-12,43
두바이쫀득쿠키,AcS7iER9qUo,요즘 난리난 ‘두바이 쫀득쿠키’… 그 원조가 누구냐고요?,2025-10,9148243,"오 사장님 너무 이쁘게 말하신다 이 생각하고 댓글 들어왔는데 역시,, 인터넷에는 참 불만과 화가 많은 사람이 많은듯",2026-01-19,7
두바이쫀득쿠키,AcS7iER9qUo,요즘 난리난 ‘두바이 쫀득쿠키’… 그 원조가 누구냐고요?,2025-10,9148243,좋은댓글들이 달린줄 알았는데 꼬일대로 꼬인사람 천지네,2026-01-09,92
두바이쫀득쿠키,AcS7iER9qUo,요즘 난리난 ‘두바이 쫀득쿠키’… 그 원조가 누구냐고요?,2025-10,9148243,마인드 너무 좋으시다!,2026-01-28,0
두바이쫀득쿠키,AcS7iER9qUo,요즘 난리난 ‘두바이 쫀득쿠키’… 그 원조가 누구냐고요?,2025-10,9148243,안성재한테도 달려가서 마스크 쓰라그러지 ㅋㅋㅋㅋ,2026-01-12,53
두바이쫀득쿠키,AcS7iER9qUo,요즘 난리난 ‘두바이 쫀득쿠키’… 그 원조가 누구냐고요?,2025-10,9148243,가격이 ㅠㅠㅠㅠ 좋은 재료인건 알지만..,2025-10-24,33
두바이쫀득쿠키,AcS7iER9qUo,요즘 난리난 ‘두바이 쫀득쿠키’… 그 원조가 누구냐고요?,2025-10,9148243,"창시자?
난 타 남자분으로 아는데
전참시가 원조도 만드나요?",2026-02-21,4
두바이쫀득쿠키,AcS7iER9qUo,요즘 난리난 ‘두바이 쫀득쿠키’… 그 원조가 누구냐고요?,2025-10,9148243,인스타에선 사장 아니시라면서 승진하셨나요?,2025-12-09,122
두바이쫀득쿠키,AcS7iER9qUo,요즘 난리난 ‘두바이 쫀득쿠키’… 그 원조가 누구냐고요?,2025-10,9148243,맞긴햌ㅋㅋ 카페에서 나오고 원조가 있대 해서 찾아보는거니깐ㅋㅋㅋ,2026-03-10,2
두바이쫀득쿠키,AcS7iER9qUo,요즘 난리난 ‘두바이 쫀득쿠키’… 그 원조가 누구냐고요?,2025-10,9148243,두바이사람이 만든게 아니었네... 원조 화이팅 입니다. 두바이에 역수출 하시길!!,2026-01-23,3
두바이쫀득쿠키,AcS7iER9qUo,요즘 난리난 ‘두바이 쫀득쿠키’… 그 원조가 누구냐고요?,2025-10,9148243,우리나라 제과제빵쪽에만 존나 민감하네 ㅋㅋㅋㅋㅋ 니들이 좋아하는 흑백요리사도 마스크 안하고 파인다이닝 셰프도 모자도 안쓰고 마스크도 안쓰는 사람 존나 많은데 뭐가 그리 불편한건지,2025-12-29,146
두바이쫀득쿠키,AcS7iER9qUo,요즘 난리난 ‘두바이 쫀득쿠키’… 그 원조가 누구냐고요?,2025-10,9148243,어쩜 마음씨까지 이리 곱나요❤,2026-02-06,0
두바이쫀득쿠키,AcS7iER9qUo,요즘 난리난 ‘두바이 쫀득쿠키’… 그 원조가 누구냐고요?,2025-10,9148243,"중국 : 두쫀쿠는 중국의 소수민족인 두쫀쿠족이 
당나라 때부터 만들어 먹어온 전통음식이다",2026-02-03,15
두바이쫀득쿠키,AcS7iER9qUo,요즘 난리난 ‘두바이 쫀득쿠키’… 그 원조가 누구냐고요?,2025-10,9148243,"댓글분석
1. 이 사장이 돈벌어서 배아픈 사람
2. 두쫀쿠를 따라한 카페사장이고 양심에 찔리지만 이 사장이 착한척 영상을 남긴것 같아 내가 나쁜 사람이 된것같은 마음에 악플을 남기는 사람
3. 그 다른 가게 무지성으로 빨아주는 사람
4. 뭘해도 그냥 불편해 하는 사람
5. 사장이 생각보다 안 이뻐서 불만인 사람
6. 이 사장이 가식떤다고 생각하는 사람
7. 이 사장이 원조가 아니라고 생각하는 사람
8. 본인 위생은 생각못하고 위생따지는 사람
9. 사먹지 않으면 그만 이지만 진짜 결벽증이 있어서 더럽다고 생각해 지적하는 사람
10. 남들이 악플남기길래 괜찮겠지 하며 그냥 남기는 사람",2025-12-30,140
두바이쫀득쿠키,AcS7iER9qUo,요즘 난리난 ‘두바이 쫀득쿠키’… 그 원조가 누구냐고요?,2025-10,9148243,"진짜 맛잇더라구요
쫀득하고 카다이프가 더 작긴한데 달달해서 맛있음",2026-01-18,0
두바이쫀득쿠키,AcS7iER9qUo,요즘 난리난 ‘두바이 쫀득쿠키’… 그 원조가 누구냐고요?,2025-10,9148243,"댓글왜이러지?
광고든뭐든 마스크안쓰고 말하면서
제작하고있고
저건 누군가에게 판매되서 먹는건데?

위생 안지키는게 당연하고 
위생 지키는게 예민한거면
인도가서 먹고 땅에떨어진거먹고
배식 나눠먹지말고 같이 퍼먹자?

그리고 솔직히 원조인지 아닌지
아무도모르고 증거나 근거를 올리면서
원조주장했으면좋겠고
막말로 음식에 원조가 어딧나 싶기도하다",2026-01-24,3
두바이쫀득쿠키,AcS7iER9qUo,요즘 난리난 ‘두바이 쫀득쿠키’… 그 원조가 누구냐고요?,2025-10,9148243,여기 댓글 왜이럼...? 깔끔떠는거 꼴보기 싫네,2025-12-30,8
두바이쫀득쿠키,AcS7iER9qUo,요즘 난리난 ‘두바이 쫀득쿠키’… 그 원조가 누구냐고요?,2025-10,9148243,"재료값 많이 올라서 힘드실텐데 
긍정적인 모습 정말 좋네요",2026-01-21,0
두바이쫀득쿠키,AcS7iER9qUo,요즘 난리난 ‘두바이 쫀득쿠키’… 그 원조가 누구냐고요?,2025-10,9148243,"ㅋㅋㅋㅋ사람들 위생위생 거리는거 보면 걍 웃김 이제ㅋㅋ
ㄹㅇ 병임 그냥 적당히 해야지 무슨 나중엔 방역복입고 하라 그러겠네",2025-12-20,55
두바이쫀득쿠키,AcS7iER9qUo,요즘 난리난 ‘두바이 쫀득쿠키’… 그 원조가 누구냐고요?,2025-10,9148243,두바이쫀득 쿠키는 ㅋㅋ 두바이산이 아니었구나 나는 두바이에서 파는줄,2026-01-21,5
두바이쫀득쿠키,AcS7iER9qUo,요즘 난리난 ‘두바이 쫀득쿠키’… 그 원조가 누구냐고요?,2025-10,9148243,뭐야 진짜였네 뉴스도 나옴,2026-02-19,2
두바이쫀득쿠키,AcS7iER9qUo,요즘 난리난 ‘두바이 쫀득쿠키’… 그 원조가 누구냐고요?,2025-10,9148243,음식에 침 튀어요..ㅜ,2026-01-24,3
두바이쫀득쿠키,AcS7iER9qUo,요즘 난리난 ‘두바이 쫀득쿠키’… 그 원조가 누구냐고요?,2025-10,9148243,달라또가 최초아님?,2026-03-20,16
두바이쫀득쿠키,AcS7iER9qUo,요즘 난리난 ‘두바이 쫀득쿠키’… 그 원조가 누구냐고요?,2025-10,9148243,어제 빨래터 가서 줄서서 샀어요 근데 너무 작고 비쌌어요...사장님 가게꺼 먹어보고 싶네요 크기가 딱봐도 좋네요^^;,2026-01-19,1
두바이쫀득쿠키,AcS7iER9qUo,요즘 난리난 ‘두바이 쫀득쿠키’… 그 원조가 누구냐고요?,2025-10,9148243,원조는 인정해줘야 함.,2026-02-02,6
두바이쫀득쿠키,AcS7iER9qUo,요즘 난리난 ‘두바이 쫀득쿠키’… 그 원조가 누구냐고요?,2025-10,9148243,가수 유영진님닮으신 듯,2025-12-17,6
두바이쫀득쿠키,AcS7iER9qUo,요즘 난리난 ‘두바이 쫀득쿠키’… 그 원조가 누구냐고요?,2025-10,9148243,울동네에도 저번주에 줄서서 기다리는데 이집이 원조인가요  대박나세요,2026-01-22,0
두바이쫀득쿠키,AcS7iER9qUo,요즘 난리난 ‘두바이 쫀득쿠키’… 그 원조가 누구냐고요?,2025-10,9148243,그러면 뭐함 ㅋㅋㅋ                                                                                        원조는 원조다... ㅇㄱㄹㅇ;;                                                                                         다른 집보다 저기가 맛있음...,2026-01-13,10
두바이쫀득쿠키,AcS7iER9qUo,요즘 난리난 ‘두바이 쫀득쿠키’… 그 원조가 누구냐고요?,2025-10,9148243,"백종원 따라하는건지 죄다 자기가 개발자고 원조래 ㅋㅋ
다른 영상에서는 남자분이 개발자라 소개 뜨더만",2026-02-02,3
두바이쫀득쿠키,AcS7iER9qUo,요즘 난리난 ‘두바이 쫀득쿠키’… 그 원조가 누구냐고요?,2025-10,9148243,"유행안따라가는 편인데
덕분에 쫀득은 아니지만 두바이 먹어봄",2026-01-18,0
두바이쫀득쿠키,AcS7iER9qUo,요즘 난리난 ‘두바이 쫀득쿠키’… 그 원조가 누구냐고요?,2025-10,9148243,댓 ㅈㄴ 오버심하네,2025-12-28,202
두바이쫀득쿠키,AcS7iER9qUo,요즘 난리난 ‘두바이 쫀득쿠키’… 그 원조가 누구냐고요?,2025-10,9148243,이제 유행 끝남.,2026-02-11,2
두바이쫀득쿠키,AcS7iER9qUo,요즘 난리난 ‘두바이 쫀득쿠키’… 그 원조가 누구냐고요?,2025-10,9148243,근데 나 그냥 궁금한데 마스크 운운하는 사람들 살면서 단 한번도 오픈된 제과점이나 빵집 베이커리 안 가봄? 카운터 보고 빵 포장하는 사람들은 마스크 다 안쓰던데 그런건 어케사먹음,2025-10-26,48
두바이쫀득쿠키,AcS7iER9qUo,요즘 난리난 ‘두바이 쫀득쿠키’… 그 원조가 누구냐고요?,2025-10,9148243,인스타에서 원조라고 보고 기대하고 시켰는데 너무 작고 딱딱하고 맛없어서 깜짝 놀랐어요 ㅠㅜㅜ 제가 맛없다고 남긴 리뷰는 안 올라간 걸 봐서 리뷰 관리하는 것 같아요.,2026-01-25,2
두바이쫀득쿠키,AcS7iER9qUo,요즘 난리난 ‘두바이 쫀득쿠키’… 그 원조가 누구냐고요?,2025-10,9148243,관상은 과학이다 진짜 ㄹㅇ;;;;;;;;;;;,2026-01-20,6
두바이쫀득쿠키,AcS7iER9qUo,요즘 난리난 ‘두바이 쫀득쿠키’… 그 원조가 누구냐고요?,2025-10,9148243,아니 ㅋㅋ 나 지금 인스타에서 원조라는 사람 또 보고왔는데 뭔 지들이 다 원조야;,2026-01-03,12
두바이쫀득쿠키,AcS7iER9qUo,요즘 난리난 ‘두바이 쫀득쿠키’… 그 원조가 누구냐고요?,2025-10,9148243,"여러분 레시피는 저작권이 없습니다.
법적으로 문제가 생기는건 상표권 때문이에요
다른 가게 분들이 따라하든 말든 아무  상관없어요",2026-01-19,1
두바이쫀득쿠키,AcS7iER9qUo,요즘 난리난 ‘두바이 쫀득쿠키’… 그 원조가 누구냐고요?,2025-10,9148243,두쫀쿠 파는 사장밈들 달려와서 악플다나봐 ㅜㅠ,2025-12-29,15
두바이쫀득쿠키,AcS7iER9qUo,요즘 난리난 ‘두바이 쫀득쿠키’… 그 원조가 누구냐고요?,2025-10,9148243,"꼽주는 댓글:30%
꼽준다고 하는 댓글:70%",2026-01-09,5
두바이쫀득쿠키,AcS7iER9qUo,요즘 난리난 ‘두바이 쫀득쿠키’… 그 원조가 누구냐고요?,2025-10,9148243,사람들은 모를거야... 얼마나 대단한지... 한국에 후라이드 치킨이 들어왔는데 그걸 최초 양념치킨 만든 윤종계 사장님같은 분이신거죠,2026-01-27,1
두바이쫀득쿠키,AcS7iER9qUo,요즘 난리난 ‘두바이 쫀득쿠키’… 그 원조가 누구냐고요?,2025-10,9148243,저거 인플루언서용 아닌가,2026-03-13,10
두바이쫀득쿠키,AcS7iER9qUo,요즘 난리난 ‘두바이 쫀득쿠키’… 그 원조가 누구냐고요?,2025-10,9148243,이거 나만 느끼는건지 모르겠는데 뭔가 대본을 정해놓고 하는 느낌...?,2026-01-19,8
두바이쫀득쿠키,AcS7iER9qUo,요즘 난리난 ‘두바이 쫀득쿠키’… 그 원조가 누구냐고요?,2025-10,9148243,와 진짜 매력있게 생기셨다,2026-01-28,0
두바이쫀득쿠키,AcS7iER9qUo,요즘 난리난 ‘두바이 쫀득쿠키’… 그 원조가 누구냐고요?,2025-10,9148243,ㅋ,2026-02-26,3
두바이쫀득쿠키,AcS7iER9qUo,요즘 난리난 ‘두바이 쫀득쿠키’… 그 원조가 누구냐고요?,2025-10,9148243,마스크 안 쓴 거 지적하는 건 이해하겠는데 이런 식으로 바이럴하는 걸 안 좋게 보는 건 왜 그러는지 심보를 모르겠음. 어쨌든 트렌드를 만든 거고 다들 따라하는데 원조면 부심 가질만 하지ㅋㅋㅋ 게다가 따라한 디저트가게들 욕하지도 않았는데,2025-12-31,11
두바이쫀득쿠키,AcS7iER9qUo,요즘 난리난 ‘두바이 쫀득쿠키’… 그 원조가 누구냐고요?,2025-10,9148243,그릇이 크신 분이니 앞으로 대성하실겁니다😊,2026-01-21,0
두바이쫀득쿠키,AcS7iER9qUo,요즘 난리난 ‘두바이 쫀득쿠키’… 그 원조가 누구냐고요?,2025-10,9148243,어디든 자기가 원조라지.,2026-02-28,9
두바이쫀득쿠키,AcS7iER9qUo,요즘 난리난 ‘두바이 쫀득쿠키’… 그 원조가 누구냐고요?,2025-10,9148243,그냥 요즘엔 쇼츠에 여성이 나온다 -> 댓글창엔 여혐들 몰려와서 무지성 억까로 가득하다 가 공식임. 그냥 외워. 댓글창 열기도 전에 이럴줄 알았는데 역시나,2026-01-03,10
두바이쫀득쿠키,AcS7iER9qUo,요즘 난리난 ‘두바이 쫀득쿠키’… 그 원조가 누구냐고요?,2025-10,9148243,"오바좀들 그만떨어라.
수십만원 오마카세가도 노마스크 노모자 노장갑인데 손으로 기물이나 여러가지 만지는건 의식을 안하고 만지는거라 아무리 수시로 손씻어도 밥만지고 생선만지고 다른거 만지고 닦는다해도 항시 깨끗할수가없다. 잠깐이라도 말할때 눈에 보이지않게 미세하게 튀기는건  당연한거고..
근데 아무렇지않게 먹잖아.
기물이나 주변환경만 깨끗해도 충분하다.",2025-12-25,30
두바이쫀득쿠키,AcS7iER9qUo,요즘 난리난 ‘두바이 쫀득쿠키’… 그 원조가 누구냐고요?,2025-10,9148243,뭔가 연기 같음...,2026-03-19,7
두바이쫀득쿠키,AcS7iER9qUo,요즘 난리난 ‘두바이 쫀득쿠키’… 그 원조가 누구냐고요?,2025-10,9148243,대인배다 성공 할 자격이 있다,2026-01-25,1
두바이쫀득쿠키,AcS7iER9qUo,요즘 난리난 ‘두바이 쫀득쿠키’… 그 원조가 누구냐고요?,2025-10,9148243,흔치않은 관상이다..,2026-01-10,9
두바이쫀득쿠키,AcS7iER9qUo,요즘 난리난 ‘두바이 쫀득쿠키’… 그 원조가 누구냐고요?,2025-10,9148243,음~~두쫀쿠~혈당스파이크~~아이들이 좋아하죠~~맛있는 거는 몸에 해로워~~ㅠㅠ,2026-02-20,3
두바이쫀득쿠키,AcS7iER9qUo,요즘 난리난 ‘두바이 쫀득쿠키’… 그 원조가 누구냐고요?,2025-10,9148243,만들어주셔서 감사합니다ㅠㅠ,2026-01-28,0
두바이쫀득쿠키,AcS7iER9qUo,요즘 난리난 ‘두바이 쫀득쿠키’… 그 원조가 누구냐고요?,2025-10,9148243,"댓글 꼬라지보니 진짜 혐오의 시대다...
심지어 알아보니까 여기 두쫀쿠 처음으로 만든곳 맞음
마스크는 원래 안쓰는곳도 많은데
불편하면 걍 집밥만 드시지 외식은 왜하고 배달은 왜시킴?",2026-01-01,12
두바이쫀득쿠키,AcS7iER9qUo,요즘 난리난 ‘두바이 쫀득쿠키’… 그 원조가 누구냐고요?,2025-10,9148243,ㅋㅋ 원조에서 거른다,2025-12-28,5
두바이쫀득쿠키,AcS7iER9qUo,요즘 난리난 ‘두바이 쫀득쿠키’… 그 원조가 누구냐고요?,2025-10,9148243,몬트쿠키 원래 잘몰랐는데 생각보다 겁나 유명한디.. 거의 두쫀쿠 탑으로 알고있음 줄이 겁나 길다고 들었는데 그래서 가보는건 꿈도못꿈..ㅋ 나중에 함 구해바야지 머,2026-03-01,0
두바이쫀득쿠키,AcS7iER9qUo,요즘 난리난 ‘두바이 쫀득쿠키’… 그 원조가 누구냐고요?,2025-10,9148243,인상이 쎄하다,2026-01-02,11
두바이쫀득쿠키,AcS7iER9qUo,요즘 난리난 ‘두바이 쫀득쿠키’… 그 원조가 누구냐고요?,2025-10,9148243,두쫀쿠 백종원이 원조인데요,2026-02-09,5
두바이쫀득쿠키,AcS7iER9qUo,요즘 난리난 ‘두바이 쫀득쿠키’… 그 원조가 누구냐고요?,2025-10,9148243,"어디에요 ?
가고싶은뎅😊",2026-01-26,1
두바이쫀득쿠키,AcS7iER9qUo,요즘 난리난 ‘두바이 쫀득쿠키’… 그 원조가 누구냐고요?,2025-10,9148243,사먹고 겁나 후회한곳,2026-01-23,4
두바이쫀득쿠키,AcS7iER9qUo,요즘 난리난 ‘두바이 쫀득쿠키’… 그 원조가 누구냐고요?,2025-10,9148243,관상 쎄함,2026-01-20,9
두바이쫀득쿠키,AcS7iER9qUo,요즘 난리난 ‘두바이 쫀득쿠키’… 그 원조가 누구냐고요?,2025-10,9148243,마인드가 참 좋으시네,2026-01-29,0
두바이쫀득쿠키,AcS7iER9qUo,요즘 난리난 ‘두바이 쫀득쿠키’… 그 원조가 누구냐고요?,2025-10,9148243,관상ㅇ이..,2026-01-30,3
두바이쫀득쿠키,AcS7iER9qUo,요즘 난리난 ‘두바이 쫀득쿠키’… 그 원조가 누구냐고요?,2025-10,9148243,욕하는거 쉴드치는 애들은 댓글알바인가 ?,2026-01-19,3
두바이쫀득쿠키,AcS7iER9qUo,요즘 난리난 ‘두바이 쫀득쿠키’… 그 원조가 누구냐고요?,2025-10,9148243,저 분이 원조라면 한 번쯤은 먹어보고 싶다,2026-01-25,0
두바이쫀득쿠키,AcS7iER9qUo,요즘 난리난 ‘두바이 쫀득쿠키’… 그 원조가 누구냐고요?,2025-10,9148243,진짜 솔직하게요? 이말만 안해도 반은 갔을꺼다 ㄹㅇ…,2025-12-28,9
두바이쫀득쿠키,AcS7iER9qUo,요즘 난리난 ‘두바이 쫀득쿠키’… 그 원조가 누구냐고요?,2025-10,9148243,Ai 영상 같노,2026-02-06,3
두바이쫀득쿠키,AcS7iER9qUo,요즘 난리난 ‘두바이 쫀득쿠키’… 그 원조가 누구냐고요?,2025-10,9148243,"두바이 초콜릿이 원조고 이런건 파생된거지

누구의 전유물이 아님

